,appid,Publisher
0,578080,PUBG Corporation
1,570,Valve
2,730,Valve
4,359550,Ubisoft
5,271590,Rockstar Games
6,238960,Grinding Gear Games
7,230410,Digital Extremes
8,440,Valve
9,252950,"Psyonix, Inc."
10,252490,Facepunch Studios
11,624090,SEGA
12,346110,Studio Wildcard
13,4000,Valve
14,8930,2K
15,218620,Starbreeze Publishing AB
16,227300,SCS Software
17,107410,Bohemia Interactive
18,365590,Ubisoft
19,433850,Daybreak Game Company
20,377160,Bethesda Softworks
21,289070,2K
22,444090,Hi-Rez Studios
23,105600,Re-Logic
25,72850,Bethesda Softworks
26,304930,Smartly Dressed Games
27,476620,Activision
28,10,Valve
29,504370,Stunlock Studios
30,292030,CD PROJEKT RED
31,381210,Behaviour Digital Inc.
32,236850,Paradox Interactive
33,489830,Bethesda Softworks
34,306130,Bethesda Softworks
35,236390,Gaijin Entertainment
36,435150,Larian Studios
37,394360,Paradox Interactive
38,251570,The Fun Pimps Entertainment LLC
39,281990,Paradox Interactive
40,550,Valve
41,594570,SEGA
42,221380,Xbox Game Studios
43,363970,Playsaurus
44,582660,Kakao Games Europe B.V.
45,255710,Paradox Interactive
46,214950,SEGA
47,601510,Konami Digital Entertainment
48,386360,Hi-Rez Studios
49,294100,Ludeon Studios
50,413150,ConcernedApe
51,582160,Ubisoft
52,322330,Klei Entertainment
53,577800,2K
54,444200,Wargaming Group Limited
55,447020,Focus Home Interactive
57,550650,NS STUDIO
58,427520,Wube Software LTD.
59,49520,2K
60,291550,Ubisoft
61,48700,TaleWorlds Entertainment
62,374320,"FromSoftware, Inc."
63,431960,Kristjan Skutta
64,268500,2K
65,311290,THQ Nordic
66,240,Valve
67,39210,Square Enix
68,203770,Paradox Interactive
69,356190,WB Games
70,253920,Topware Interactive ACE
72,242760,Endnight Games Ltd
73,250900,"Nicalis, Inc."
74,227940,RETO MOTO
75,485510,"KOEI TECMO GAMES CO., LTD."
76,219990,Crate Entertainment
77,698780,Team Salvato
79,259340,Topware Interactive
80,231430,SEGA
81,291480,My.com
82,359320,Frontier Developments
83,386180,Gaijin Entertainment
84,364360,SEGA
85,22380,Bethesda Softworks
86,244850,Keen Software House
87,325610,SEGA
88,304050,Trion Worlds
89,298610,Bohemia Interactive
90,264710,Unknown Worlds Entertainment
91,322170,RobTop Games
92,211820,Chucklefish
93,242920,Shining Rock Software LLC
94,627690,Codename Entertainment Inc.
95,453480,"Cygames, Inc."
96,460930,Ubisoft
97,373420,Larian Studios
98,8500,CCP
99,220200,Private Division 
100,10500,SEGA
101,4700,SEGA
102,221100,Bohemia Interactive
103,301520,Freejam
104,239140,Techland Publishing
105,232090,Tripwire Interactive
106,457140,Klei Entertainment
107,55100,Deep Silver
108,391220,Square Enix
109,552990,Wargaming Group Limited
110,466240,Automaton
111,47890,Electronic Arts
112,314160,Dovetail Games - Flight
113,305620,Hinterland Studio Inc.
115,268910,Studio MDHR Entertainment Inc.
116,628890,"KOEI TECMO GAMES CO., LTD."
117,109600,Perfect World Entertainment
118,612880,Bethesda Softworks
119,738060,Scott Cawthon
120,270880,SCS Software
121,592580,Konami Digital Entertainment
122,475150,THQ Nordic
123,620,Valve
124,555570,Fredaikis AB
125,440900,Funcom
126,268850,EVGA
127,34330,SEGA
128,610080,Kongregate
129,225540,Square Enix
130,619890,Giant Fox Studios
131,240720,Bennett Foddy
132,105450,Xbox Game Studios
133,219740,Klei Entertainment
134,311210,Activision
135,493340,Frontier Developments
136,346010,Spiderling Studios
137,333930,Warchest Ltd.
138,438040,Playa Games GmbH
139,595460,K Bros Games
140,383120,Eleon Game Studios
141,262060,Red Hook Studios
142,284160,BeamNG
143,244210,Kunos Simulazioni
144,389730,BANDAI NAMCO Entertainment
145,518790,Avalanche Studios
146,446800,Good Shepherd Entertainment
147,222880,New World Interactive
148,588430,Bethesda Softworks
149,346900,Hyper Hippo Games
150,379720,Bethesda Softworks
151,323370,En Masse Entertainment
152,218230,Daybreak Game Company
154,674940,Landfall
155,335300,BANDAI NAMCO Entertainment
156,287700,Konami Digital Entertainment
157,392110,SEGA
158,286160,Berserk Games
159,411300,THQ Nordic
160,385760,2K
161,241930,WB Games
162,393380,Offworld Industries
163,477160,Curve Digital
164,33930,Bohemia Interactive
165,202990,Activision
166,211420,BANDAI NAMCO Entertainment
167,515220,Codemasters
168,228200,SEGA
169,200210,Deca Games
171,454650,BANDAI NAMCO Entertainment
172,304390,Ubisoft
173,273110,Nexon Korea Corporation
176,295110,Daybreak Game Company
177,24010,Dovetail Games - Trains
178,10190,Activision
179,645630,PlayWay S.A.
180,476600,Activision
181,663390,LAN - GAMES EOOD
182,34030,SEGA
183,378860,BANDAI NAMCO Entertainment
184,384300,"StartupTim, LLC"
185,418460,Tripwire Interactive
186,367520,Team Cherry
187,231670,SEGA
188,244450,1C Entertainment
189,312660,Rebellion
190,363150,"KOEI TECMO GAMES CO., LTD."
191,282070,11 bit studios
192,380600,Fishing Planet LLC
193,200510,2K
194,536930,Square Enix
195,233450,Paradox Interactive
196,280790,Playful Corp.
197,242050,Ubisoft
198,9900,Perfect World Entertainment
199,316010,Wizards of the Coast LLC
200,389430,NTTGame
201,403640,Bethesda Softworks
202,524220,Square Enix
203,469600,AutoAttack Games
204,506540,Free Reign Entertainment
205,4760,SEGA
206,216150,Nexon America Inc.
207,387990,Axolot Games
208,480490,Bethesda Softworks
209,447040,Ubisoft
210,688470,"Chongqing Shangshixuan Technology Co., Ltd.,"
211,506140,"Cloudcade, Inc."
212,402840,Codename Entertainment Inc.
213,261640,2K
214,364470,Bethesda Softworks
215,663090,"IMCGAMES Co.,Ltd."
216,266840,Xbox Game Studios
217,203160,Square Enix
218,291650,Paradox Interactive
219,372000,"IMCGAMES Co.,Ltd."
221,212680,Subset Games
222,337000,Square Enix
223,415200,SEGA
224,32470,LucasArts
225,397900,8Floor
226,569480,"Lion Shield, LLC"
227,444640,Ninja Kiwi
228,473690,Devolver Digital
229,433340,Monomi Park
230,234140,Warner Bros. Interactive Entertainment
231,298110,Ubisoft
232,201810,Bethesda-Soft
233,290080,Bitbox Ltd.
234,445220,Boxelware
235,335240,Atelier 801
236,8800,2K
237,208650,Warner Bros. Interactive Entertainment
238,329110,505 Games
239,326460,kChamp Games
240,529180,Snail Games USA
241,438740,Gun Media
242,8980,2K
243,521630,Giant Fox Studios
244,220,Valve
245,393420,Bankroll Studios
246,22330,Bethesda Softworks
247,20920,CD PROJEKT RED
248,253710,Expansive Worlds
249,3910,2K
250,516750,Amistech Games
251,252530,Aerosoft GmbH
252,360430,2K
253,612020,Berzerk Studio
254,391540,tobyfox
255,12120,Rockstar Games
257,20900,CD PROJEKT RED
258,342200,Piranha Games Inc.
259,431240,Team17 Digital Ltd
260,466560,Shiro Games
261,6060,Lucasfilm
262,10090,Activision
263,339600,KIXEYE
264,339610,Joycity
265,333420,GSC Game World
266,212500,"Standing Stone Games, LLC"
267,235540,Fatshark
268,269210,Panic Art Studios
269,531640,Dire Wolf Digital
270,65930,2K
271,310950,Capcom
272,275850,Hello Games
273,367500,Capcom
274,448440,Proximity Games
275,12210,Rockstar Games
276,226840,Paradox Interactive
277,601430,Bethesda Softworks
278,675010,Focus Home Interactive
279,17390,Electronic Arts
280,1840,Valve
281,646570,Mega Crit Games
282,297000,Ubisoft Entertainment
283,113400,Little Orbit
284,612510,"Project ""The Game"""
285,263280,Oovee® Game Studios
286,206420,Deep Silver
287,236870,IO Interactive A/S
288,624120,SEGA
289,220240,Ubisoft
290,521890,tinyBuild
291,438100,VRChat Inc.
292,299740,Entrada Interactive LLC
293,65980,2K
294,219640,Torn Banner Studios
295,588650,Motion Twin
296,442080,Nexon America
297,55230,Deep Silver
298,221680,Ubisoft
300,208580,LucasArts
302,459820,Sad Panda Studios
303,310560,Codemasters
304,434650,Another Indie
305,393430,Iceflake Studios
306,71270,SEGA
307,200710,Runic Games
308,205100,Bethesda Softworks
309,349040,BANDAI NAMCO Entertainment
310,300,Valve
311,213670,Ubisoft
312,50130,2K
313,334230,BlankMediaGames
314,319630,Square Enix
315,245620,Kalypso Media Digital
316,204880,Stardock Entertainment
317,449540,K Bros Games
318,451340,Code Horizon
319,80,Valve
321,376210,Afterthought LLC
322,488790,Ubisoft
323,542650,Alekseev
325,429660,BANDAI NAMCO Entertainment
326,35450,Tripwire Interactive
327,313160,Giants Software
328,455940,irritatingFLY studio
329,447820,New World Interactive
330,286690,Deep Silver
331,607890,BANDAI NAMCO Entertainment
332,251060,Focus Home Interactive
333,375450,"KOEI TECMO GAMES CO., LTD."
334,657200,HFM Games
335,304030,Trion Worlds
336,311690,Devolver Digital
337,47410,FireFly Studios
338,42710,Activision
339,592600,Konami Digital Entertainment  
340,24200,Daybreak Game Company
341,627270,WB Games
342,236110,Trendy Entertainment
343,438020,New Reality Games
344,1250,Tripwire Interactive
345,207890,SEGA
346,365670,Blender Foundation
347,307780,Warner Bros. Interactive Entertainment
348,42680,Activision
349,108600,The Indie Stone
350,454180,Anea_Duo_Dev
351,454150,Firehawk Studios
352,564710,Armor Games Studios
353,361420,System Era Softworks
354,285190,SEGA
355,10180,Activision
356,113200,Edmund McMillen
357,287390,Deep Silver
359,363890,Degica
360,357290,KishMish Games
361,204360,The Behemoth
362,374040,505 Games
363,269950,Laminar Research
365,465650,Out of the Park Developments
366,641990,Team17 Digital Ltd
367,557400,Holyday Studios
368,537180,MOVE ON USA CO.
369,215080,Ankama Games
370,289130,SEGA
373,302830,Novalink
374,8870,2K
375,204300,Ronimo Games
376,224260,Lever Games
378,212160,NEXON Korea Corp. & NEXON America Inc.
379,558990,Zachtronics
380,3900,2K
381,589290,Anvil Game Studios
382,502520,Game-Labs
383,550470,Gameforge 4D GmbH
384,609150,Square Enix
385,496460,Bitbox Ltd.
386,32370,LucasArts
387,466170,Shugasu GmbH
388,9450,SEGA
389,203290,U.S. Army
390,306020,Ninja Kiwi
391,287450,Xbox Game Studios
392,42960,Paradox Interactive
393,610120,Anate Studio
395,236690,Focus Home Interactive
397,434170,"Jackbox Games, Inc."
398,370240,2K
399,427270,Robot Entertainment
400,2870,Egosoft
401,446150,"PlayStation Mobile, Inc."
402,234630,Slightly Mad Studios
403,249130,Warner Bros. Interactive Entertainment
404,685310,Coconut Shavers
405,226860,Stardock Entertainment
406,236430,BANDAI NAMCO Entertainment
407,47810,Electronic Arts
408,200260,Warner Bros. Interactive Entertainment
409,238090,Rebellion
410,228280,Beamdog
411,285920,Payload Studios
412,210770,Coffee Stain Publishing
413,268420,Aeria Games
414,400,Valve
415,368070,CI Games
416,331470,Soviet Games
417,495910,Neople
418,312530,Adult Swim Games
419,238460,The Behemoth
420,311310,Game-Labs
422,365960,Studio 397
423,581600,JDRumble
424,722060,Illwinter Game Design
425,365360,Overhype Studios
426,292730,Activision
427,70,Valve
429,388660,JDRumble
430,368500,Ubisoft
431,24960,Electronic Arts
433,225260,Double Fine Productions
434,211500,Sector3 Studios
435,40970,FireFly Studios
436,237310,KOG Games
437,33230,Ubisoft
438,333950,Keen Software House
440,289650,Ubisoft
441,555830,Patagoniart
442,474960,Microsoft Studios
443,391040,Codemasters
444,215280,Funcom
446,666220,Unreal Software
448,545580,Neon Green Pin Games
449,246620,Ndemic Creations
450,42700,Activision
451,332310,Warner Bros. Interactive Entertainment
452,212070,Gaijin Entertainment
453,366220,Plug In Digital
454,282440,Bethesda Softworks
455,299360,Toadman Interactive
456,431560,Atriagames
457,22370,Bethesda Softworks
458,500,Valve
459,248390,Black Maple Games
461,344760,Code}{atch
462,371660,Ubisoft
463,203140,Io-Interactive A/S
464,562730,Badim
465,39120,Trion Worlds
466,571740,Perfuse Entertainment
467,619330,Alekseev
468,212200,Nexon America Inc.
470,355840,Vostok Games
471,554620,Square Enix
472,526290,TrisPix Studio
473,672680,Bytro Labs GmbH
474,274190,Devolver Digital
475,624140,SEGA
476,9420,Square Enix
477,636480,SteelRaven7
478,268400,Slitherine Ltd.
479,110800,Rockstar Games
480,412290,New Reality Games
481,221040,Capcom
482,48720,TaleWorlds Entertainment
483,414070,Atriagames
484,232890,FireFly Studios
485,39140,Square Enix
486,11020,Ubisoft
488,22320,Bethesda Softworks
489,647830,Warner Bros. Interactive
490,421020,Codemasters
491,3590,"PopCap Games, Inc."
492,460920,Ubisoft
493,678800,Ninja Kiwi
494,463530,Slug Disco Studios
495,359870,Square Enix
496,420360,3D Avenue
497,209000,Warner Bros. Interactive Entertainment
498,578310,Desertkun
499,223830,Goldhawk Interactive
500,322110,Batterystaple Games
501,345350,Square Enix
502,323580,Thunder Lotus Games
503,280,Valve
504,326410,Tasharen Entertainment Inc.
505,17440,Electronic Arts
506,253900,Topware Interactive
507,533340,New Worlds Games
508,271360,Toplitz Productions
509,551670,NedoStudio
511,721030,Papaya Play
512,311340,Konami Digital Entertainment
513,449140,treeform
514,15210,Ubisoft
515,514900,Aspyr
517,319510,Scott Cawthon
520,552620,AtomTeam
521,1900,Topware Interactive
522,286000,Pocketwatch Games
523,466860,Pixel Gangsta Studio
524,420440,Killerfish Games
527,491260,Charyb Games
528,513570,Infernal Dream
529,235900,Degica
530,293760,Camshaft Software
531,238430,"Monochrome, Inc"
532,567780,Nuno Donato
533,402220,89AM Studio
534,354920,KISS ltd
535,397350,Rebellion
536,41500,Runic Games
538,566050,Activision
539,375530,Creoteam
540,473470,New Reality Games
541,611790,"Eek! Games, LLC"
542,333640,Freehold Games
543,231350,UL
544,313010,Focus Home Interactive
545,268870,5 Lives Studios
546,288160,Fireproof Games
547,282560,Atari
548,467520,Eversim
549,394870,Black Lime Studio
550,348250,Google
551,554510,Maximum Games
552,292140,Square Enix
553,466300,Beamdog
554,478980,Fantasy Flight Games
555,233980,@unepic_fran
556,20540,SEGA
558,314970,Noble Master LLC
559,465710,Camex Games
560,561610,Milestone S.r.l.
561,458960,BANDAI NAMCO Entertainment America
562,390100,RedFox Games
563,261470,Slitherine Ltd.
565,280160,Lince Works
566,7830,1C Entertainment
567,215530,NeocoreGames
568,319910,Frozenbyte
569,448070,Microblast Games
570,533180,Abstractive Works
571,113020,Pocketwatch Games
572,641780,The Drone Racing League
573,290790,Grey Box
574,442780,Devolver Digital
575,8850,2K
576,24670,N3V Games
577,21100,Warner Bros. Interactive Entertainment
578,575550,Paradise Project
579,599460,INDIECN
580,391720,Aspyr
581,301910,Deep Silver
582,645260,Overgroup
583,740260,Hollowings
584,567250,!Lim studio
585,382080,Devdan Games
586,240320,OVALIS INVESTMENTS LIMITED
587,407000,Fixer Games
588,370540,Slitherine Ltd.
589,233800,Bohemia Interactive
590,364420,SmashGames
591,359310,Shiro Games
592,50650,Nordic Games
593,214340,Daedalic Entertainment
594,448470,Sometimes You
595,298900,Focus Home Interactive
596,455980,Suncrash
597,232050,Snowbird Games
598,13520,Ubisoft
599,261180,Team Reptile
600,251290,XSEED Games
601,15120,Ubisoft
602,420530,Degica
603,203630,Paradox Interactive
604,295550,1C Online Games
605,317600,Archaic Entertainment
606,268750,SmashGames
607,487270,André Bertaglia
608,213850,Wizards of the Coast LLC
609,335670,"Dingaling Productions, LLC"
610,9010,Bethesda-Softworks
611,576130,Lapovich Team
612,265210,RuneStorm
613,263060,IndieGala
614,290930,Filip Victor
615,307670,Good Shepherd Entertainment
616,669580,Ediogames
617,270370,Vortal Storm
618,3170,1C Entertainment
620,360830,Team17 Digital Ltd
621,13230,"Epic Games, Inc."
622,424280,SnoutUp
624,263540,Mad Otter Games
625,304530,Deep Silver
626,252870,Leafy Games
627,305260,505 Games
628,660160,Slitherine Ltd.
629,310470,Kalypso Media Digital
630,292180,Aerosoft GmbH
631,249650,Daedalic Entertainment
632,289930,astragon Entertainment 
634,337150,Handelabra Games Inc.
635,667870,No Moon
636,625140,Gravity Interactive
637,296970,Abbey Games
638,412740,Dylan Fitterer
639,545650,Double Coconut
640,579950,Telltale Games
641,58610,Eugen Systems
642,414740,Starbreeze Publishing AB
643,228760,Ubisoft
644,538590,White Dog
645,457550,"Bigscreen, Inc."
646,545110,IObit
647,61700,Ubisoft
649,712840,Paradise Project
650,363360,Split Polygon
651,420790,Crunchy Games
652,335620,Trese Brothers
653,368360,Robot Gentleman
654,370730,"KOEI TECMO GAMES CO., LTD."
655,570420,Egosoft
656,73010,Paradox Interactive
657,204340,Devolver Digital
658,393080,Activision
661,523120,MAGIX Software GmbH
662,382900,Square Enix
663,239120,Square Enix
664,71250,SEGA
665,63910,1C Entertainment
666,513620,Sometimes You
667,22350,Bethesda Softworks
668,485980,Cats Who Play
669,252110,Asteroid Base
670,98800,"Gaslamp Games, Inc."
671,505040,RTK Entertainment
672,316790,Double Fine Productions
673,555160,davevillz
674,3720,Rebellion
675,253430,DigitalDNA Games LLC
676,285010,DL Softworks
677,238750,Ubisoft
678,577230,LongYou Tech Ltd
679,546400,White Dog
680,293780,Powerhoof
681,321410,Slitherine Ltd.
682,460120,Idea Factory International
683,15320,1C Entertainment
684,506610,Scott Cawthon
685,404680,Runic Games
686,353270,Idea Factory
687,436320,Survios
688,6800,Kalypso Media Digital
689,745880,"Mediascape Co., Ltd."
690,214420,Doctor Entertainment AB
691,551730,"KOEI TECMO GAMES CO., LTD."
693,383180,Deep Silver
694,262940,Revolution Software Ltd
695,503770,Wenkly Studio Sp. z o.o.
696,25000,Wolfire Games
697,550340,MangaGamer
698,6910,Square Enix
700,41010,Devolver Digital
701,485420,Dagestan Technology
702,327140,Google
703,224760,Trapdoor
704,3480,"PopCap Games, Inc."
705,315460,Gaddy Games
706,224500,Robotronic Games
707,233720,Bossa Studios
708,16450,Warner Bros. Interactive Entertainment
709,8000,Square Enix
710,50620,THQ Nordic
711,203680,Codemasters
713,452570,Adult Swim Games
716,363090,"KOEI TECMO GAMES CO., LTD."
717,580200,Prideful Sloth
718,67370,2K
719,562810,Ubisoft
720,434030,IPACS
721,337950,Eforb
722,457710,Faton
723,263760,Secret Exit Ltd.
724,404540,Housemarque
725,583470,Edmund McMillen
726,427720,AGM PLAYISM
727,15700,Oddworld Inhabitants
728,412050,Zenz VR
729,703700,NVLMaker
730,10270,Kalypso Media Digital
731,388880,Night School Studio
732,254300,Ankama Games
733,528200,MAGIX Software GmbH
734,219830,Transhuman Design
735,206440,Freebird Games
736,248860,Blue Bottle Games
737,65790,Bohemia Interactive
738,39190,Square Enix
739,569860,Terrible Toybox
740,12150,Rockstar Games
741,25830,Paradox Interactive
742,41000,Devolver Digital
743,397100,G2CREW
744,311770,Disney Interactive
745,468070,Isokron
746,269330,Bedtime Digital Games
747,260430,Digital Leisure Inc.
748,577940,Xbox Game Studios
749,327860,Lavaboots Studios
750,340000,Adult Swim Games
751,251950,Cornered Rat Software
752,22130,Paradox Interactive
753,92800,Zachtronics
754,104900,DANKIE
755,237850,Red Thread Games
756,327090,Space Boat Studios
757,394230,2K
758,461880,Sometimes You
760,1200,Tripwire Interactive
761,368230,Raw Fury
762,595420,Out of the Park Developments
763,21000,Warner Bros. Interactive Entertainment
764,236090,Xbox Game Studios
765,317360,Double Action Factory
766,282400,THQ Nordic
767,449800,"KOEI TECMO GAMES CO., LTD."
768,11450,Codemasters
769,40700,Amanita Design
770,517160,Toast
771,521150,The Quadsphere
772,24840,Electronic Arts
773,580420,KrupinskiArt
775,625950,Lestyo
776,57730,Kalypso Media Digital
777,384740,Ionized Games
778,425580,Fireproof Games
779,527100,Ubisoft
780,205990,Paradox Interactive
781,298030,Wargaming.net
782,500710,Juvty Worlds Ltd.
784,492130,Efimov Max
785,421050,Daedalic Entertainment
786,312750,Square Enix
787,464060,Devolver Digital
788,527270,"KOEI TECMO GAMES CO., LTD."
789,453090,Texel Raptor
790,435400,Adriaan de Jongh
791,13210,"Epic Games, Inc."
792,542480,Virtys
793,232010,SCS Software
794,2810,Egosoft
795,338180,Abyss Lights Studio LLP
796,454080,David Mulder
797,70400,Carpe Fulgur LLC
798,33340,Ubisoft
799,235800,Dylan Fitterer
800,7760,2K
801,243950,Larian Studios
802,239840,DoubleBear Productions
803,308040,Bedtime Digital Games
804,629690,"Fatbot Games, s. r. o."
805,322520,"KOEI TECMO GAMES CO., LTD."
806,313780,Iceberg Interactive
807,522470,Blue Brain Games
808,228300,Capcom
809,385730,2K
810,235320,Bohemia Interactive
811,350110,astragon Entertainment 
813,507300,2tainment GmbH
814,234710,Telltale Games
815,231060,Gravity Interactive
816,639790,Neko Climax Studios
817,32500,LucasArts
818,345240,SEGA
819,317820,Versus Evil
820,312280,BlueLine Games
822,311260,THQ Nordic
824,504210,Zachtronics
825,682130,Robert Borghese
826,247020,Vertigo Gaming Inc.
827,339340,"CAPCOM Co., Ltd."
829,322920,Expansive Worlds
830,287260,Codemasters
832,46500,Microids
834,384190,505 Games
835,375950,Ice Water Games
836,221540,505 Games
837,324510,Square Enix
838,385380,Permadeath
839,57900,2K
840,467000,New Reality Games
841,448500,Blake Fix
842,441550,LucasArts
843,274900,JForce Games
844,423230,The Game Bakers
845,256290,Ubisoft
846,296470,Stegersaurus Software Inc.
847,236150,Iceberg Interactive
849,2100,Ubisoft
851,8600,SimBin
852,299460,Chubby Pixel
853,70600,Team17 Digital Ltd
854,417860,Kyle Seeley
855,224480,Young Horses
856,216890,Focus Home Interactive
857,39200,Square Enix
858,216260,Big Ant Studios
859,425220,BANDAI NAMCO Entertainment
860,292910,Daedalic Entertainment
862,220740,Daedalic Entertainment
863,244730,Iron Galaxy
864,215100,Gravity Interactive
865,362680,Killmonday Games AB
866,328080,SixtyGig Games
867,370360,Zachtronics
869,446020,Excalibur Games
870,314410,Rake in Grass
871,9340,SEGA
872,237870,Pathea Games
873,301320,Mad Data GmbH & Co. KG
874,340050,Ginormocorp Holdings Ltd
875,448080,"Jackbox Games, Inc."
876,323220,Nuke Nine
877,583010,VoiceAttack.com
878,2620,Activision
879,252410,Image & Form Games
880,231160,Facepalm Games
881,32360,LucasArts
882,486780,Halfbrick Studios Pty Ltd
883,561600,Milestone S.r.l.
884,314790,Daedalic Entertainment
885,474050,White Rabbit Games
886,362490,Bare Mettle Entertainment
887,368340,Deck13
888,107200,MinMax Games Ltd.
889,394760,App Holdings
890,254100,Topware Interactive
891,312520,Adult Swim Games
892,460810,SEGA
893,593030,Slitherine Ltd.
894,555220,RedCandleGames
895,130,Valve
897,512770,Merlin Beer
898,424030,Campfire Games
899,504880,DL Softworks
900,407330,Winged Cloud
901,21090,Warner Bros. Interactive Entertainment
902,222440,SNK CORPORATION
903,225080,505 Games
904,591370,Positech Games
906,639170,Telltale Games
908,221260,Tomorrow Corporation
909,12320,Strategy First
910,527290,"KOEI TECMO GAMES CO., LTD."
912,407190,2tainment GmbH
914,272230,Devolver Digital
915,385800,Sekai Project
916,202200,Stardock Entertainment
917,300570,Zachtronics
918,718650,Star Drifters
922,224540,Jagex
924,57640,Revolution Software Ltd
925,618970,Bigben Interactive
926,429280,8Floor
927,345390,Sierra
928,477980,!Lim studio
929,45770,Capcom
930,39000,NASA
931,405640,Daniel Mullins Games
932,665180,Paradise Project
933,494670,astragon Entertainment
934,416450,Pixel Federation
935,303720,8Floor
936,265610,Matt Roszak
938,497180,Activision Value Inc.
939,95400,Sparpweed
940,2800,Egosoft
941,735280,Sixteen Tons Entertainment
942,338170,Rising Star Games
943,314520,Dovetail Games - Fishing 
944,368590,K Bros Games
945,356570,tinyBuild
946,2760,Atari
947,357190,"CAPCOM U.S.A., INC."
948,239250,Konami Digital Entertainment
952,581630,Diatomic Games
954,365300,Self Published
955,475190,Introversion Software
956,482770,SEGA
957,418250,Slitherine Ltd.
958,241260,Focus Home Interactive
959,24870,Electronic Arts
961,513510,KHB-Soft
962,351710,Idea Factory
963,72200,Giant Army
964,357780,Alda Games
965,382490,Rogue Snail
966,607880,BANDAI NAMCO Entertainment
967,8140,Square Enix
968,251110,Loiste Interactive
969,444490,New Reality Games
970,528510,Back To Basics Gaming
971,485950,KishMish Games
972,347560,Back To Basics Gaming
973,506670,Ardi Studio
974,485830,New Worlds Games
975,465760,Flazm
977,7510,Topware Interactive
978,475220,André Bertaglia
979,222730,Abbey Games
980,249590,Rain Games
981,511800,Pragmatix Ltd
982,208520,Kalypso Media Digital
983,552920,The Irregular Corporation
984,278890,Alastair John Jack
985,344880,Conflux Games
986,546200,8Floor
988,333300,Thomas Biskup
989,614910,Paleno Games
990,464850,Big Ant Studios
991,113420,Little Orbit
992,443940,RenPen
993,639780,Neko Climax Studios
994,424370,WOLCEN Studio
995,561340,DyingCat
997,233290,Square Enix
998,314660,"Oddworld Inhabitants, Inc."
999,619520,Vyacheslav Shilikhin
1000,562010,APL Publishing Ltd.
1001,623550,REX PEX GAMES
1002,410380,Hex Entertainment
1003,410900,EarthWork Games
1004,40390,Deep Silver
1005,483770,Aerosoft GmbH
1006,429790,"Artix Entertainment, LLC"
1007,746910,Jakal Studios
1008,467120,Magicbane
1009,527230,Curve Digital
1010,254200,Digital Tribe
1011,418030,ColdGames
1012,504050,Craneballs
1013,217200,Team17 Digital Ltd
1014,313340,Double Fine Presents
1015,63950,1C Entertainment
1016,496680,Sometimes You
1017,546660,SGTTB_Studios
1018,338530,Charyb Games
1019,563120,New Reality Games
1021,414290,EfimovMax
1023,71340,SEGA
1024,635200,Alawar Premium
1026,445310,Ubisoft
1027,463220,New Reality Games
1028,293180,Microblast Games
1029,382110,Guy Godin
1031,331790,New Reality Games
1032,454910,Aeria Games
1033,410340,LuGus Studios
1034,606800,Hovgaard Games
1035,7520,"Topware Interactive, ACE"
1036,285160,Warner Bros. Interactive Entertainment
1037,262150,eigoMANGA
1038,265550,Capcom
1039,581030,Atomic Fabrik
1040,438030,New Reality Games
1041,47780,Electronic Arts
1042,428630,Infernal Dream
1043,465240,Devolver Digital
1044,464340,Microids
1045,440650,Stray Fawn Studio
1046,616560,Brilliant Game Studios
1047,242700,Warner Bros. Interactive Entertainment
1048,469730,Back To Basics Gaming
1049,223850,UL
1050,302510,Crytek 
1051,604500,Extreme Developers
1052,356500,Disney Interactive
1053,223710,Team Psykskallar
1054,212480,SEGA
1055,434570,Grunge Games LTD
1056,507390,Sometimes You
1057,585900,Natsume Inc.
1058,218680,Warner Bros. Interactive Entertainment
1060,35700,Frozenbyte
1061,575840,Sometimes You
1062,3990,2K
1063,266510,Defiant Development
1064,209870,"Hardsuit Labs, Inc."
1065,214170,Larian Studios
1066,400740,Infernal Dream
1067,393530,PlayFlock
1068,452060,The Yogscast
1069,312990,Devolver Digital
1070,471010,IMGN.PRO
1071,265300,CI Games
1072,640590,Warner Bros. Interactive Entertainment
1073,17470,Electronic Arts
1074,448280,Owlchemy Labs
1075,384180,505 Games
1076,290730,ELYLAND  INVESTMENT COMPANY Ltd
1077,261030,Skybound Games
1079,259080,Square Enix
1080,607200,AlternativaPlatform Ltd.
1081,554530,Displacement Studios
1082,407530,Studio Wildcard
1083,419480,Iceberg Interactive
1084,598330,LVGameDev LLC
1085,564530,Activision
1086,571260,SNK CORPORATION
1087,235400,Nival
1088,289520,1C Entertainment
1089,495780,Sometimes You
1090,3920,2K
1091,237110,Warner Bros. Interactive Entertainment
1092,525300,IR Studio
1093,367670,Koga Tech Limited
1094,15100,Ubisoft
1096,619080,"Outpost Games, Inc."
1097,574070,ToHeroes Game Studios LLC
1098,4850,GSC World Publishing
1099,462770,Supergiant Games
1100,717790,DistrictWare inc.
1101,412830,"Spike Chunsoft Co., Ltd."
1102,209080,Muse Games
1103,200170,Team17 Digital Ltd
1104,32800,Warner Bros. Interactive Entertainment
1105,343360,Microblast Games
1106,596690,Vyacheslav Shilikhin
1107,535230,DolphinBarn
1108,383870,Panic
1109,363680,Focus Home Interactive
1110,284950,DL Softworks
1111,298240,"Rocketeer Games Studio, LLC"
1112,267530,Warner Bros. Interactive Entertainment
1113,263500,Versus Evil	
1114,228380,THQ Nordic
1115,457590,Subagames
1116,287920,Star Vault AB
1117,252610,Rocketcat Games
1118,327690,Perfect World Entertainment
1119,337320,South East Games
1120,266410,iRacing.com Motorsport Simulations
1121,562080,tinyBuild
1122,493730,LEVER Software
1123,565860,VladCastillo
1124,34460,2K
1125,248170,Clickteam
1126,225640,Deep Silver
1127,108800,Electronic Arts
1128,447530,Ysbryd Games
1129,536220,Skybound Games
1130,329000,New Reality Games
1131,208090,Edge of Reality
1132,509110,Back To Basics Gaming
1133,405900,"NIS America, Inc."
1134,213610,SEGA
1135,617830,SUPERHOT Team
1136,510510,2K
1137,323850,Those Awesome Guys
1138,511680,XSEED Games
1141,547680,Hyper Hippo Games
1142,329050,"CAPCOM Co., Ltd. "
1143,667600,Infinite Dreams
1144,621880,Ntroy LTD
1145,226580,Codemasters
1146,43160,Deep Silver
1147,251150,XSEED Games
1148,287980,Dinosaur Polo Club
1149,281640,Versus Evil
1150,597220,Asymmetric
1151,665360,Lighthouse Games Studio
1152,274520,Acid Wizard Studio
1153,507490,Stardock Entertainment
1154,24240,Daybreak Game Company
1156,282900,"Idea Factory International, Inc."
1157,524580,Idea Factory International
1158,553640,X.D. Network Inc.
1159,356040,Team17 Digital Ltd
1160,7600,2K
1161,410110,HypeTrain Digital
1163,654880,Game Grumps
1164,474750,Devolver Digital
1165,533780,Home Net Games
1166,433350,Papaya Play
1167,285330,Atari
1168,471550,Frozenbyte
1170,241540,Xbox Game Studios
1171,40990,2K
1172,375010,Sometimes You
1173,258010,Triple.B.Titles
1174,108710,Remedy Entertainment
1175,602940,StarSystemStudios
1176,581670,Ardi Studio
1177,257850,Heart Machine
1178,614860,Winking International 
1179,526160,HypeTrain Digital
1180,48000,Playdead
1181,439700,Daybreak Game Company
1182,341000,Eggcode
1183,351510,"Jackbox Games, Inc."
1184,459220,Xbox Game Studios
1185,315660,Deep Silver
1186,467370,Four Winged Studio
1187,4560,SEGA
1188,457330,Cruderocks
1189,10680,SEGA
1190,391460,Novalink
1191,25900,1C Entertainment
1192,372360,BANDAI NAMCO Entertainment
1193,467960,TPP Studio
1194,597170,Doborog Games
1195,292990,"KOEI TECMO GAMES CO., LTD."
1196,630,Valve
1197,425160,2D Heroes
1198,588220,Ubisoft
1199,250320,Telltale Games
1200,7670,2K
1201,281610,Gearbox Publishing
1202,214510,Warner Bros. Interactive Entertainment
1203,562430,Four Winged Studio
1204,257170,Northway Games
1205,243970,Klei Entertainment
1206,304430,Playdead
1207,282140,Frictional Games
1208,723790,Home Net Games
1209,433530,Klabater
1210,217750,Funcom
1211,443810,THQ Nordic
1212,501300,Annapurna Interactive
1213,593280,PQube Limited
1214,399000,CleanWaterSoft
1216,330830,Telltale Games
1217,402430,Out of the Park Developments
1218,215830,En Masse Entertainment
1219,204030,Xbox Game Studios
1220,357900,Sometimes You
1221,251730,Almost Human Games
1222,503560,Games Operators
1223,317470,Cosmic Cow LLC
1224,342310,Merge Games
1225,25800,Paradox Interactive
1226,208200,Bethesda Softworks
1227,683900,"Atari, Inc."
1228,649900,"Riposte Games & Co, Inc"
1229,252470,MinMax Games Ltd.
1230,423580,Kasedo Games
1231,238370,Paradox Interactive
1232,424840,BANDAI NAMCO Entertainment
1233,115320,Activision
1234,259680,Netcore Games
1235,237990,Versus Evil
1236,659460,Triple Rush Games
1237,410980,Wargaming Labs
1238,476460,jgallant
1239,327070,Black Eye Games
1240,17300,Electronic Arts
1241,207170,Almost Human Games
1242,564230,"Spike Chunsoft Co., Ltd."
1243,748370,raptor lab
1244,3330,"PopCap Games, Inc."
1245,258970,WB Games
1246,32430,LucasArts
1247,581130,"Shanghai JingCai Computer Software Development Co., Ltd"
1248,592260,Pyromancers.com
1249,19900,Ubisoft
1250,354290,"CRAZYDIAMOND CO., LTD."
1251,339280,S2 Games
1252,386620,Vertigo Gaming Inc.
1253,597840,DesktopPaints LLC
1254,345260,SEGA
1255,507400,Sometimes You
1256,610670,azimut team
1257,539440,Sometimes You
1258,235460,Konami Digital Entertainment
1259,398850,Fishing Cactus
1260,376870,Telltale Games
1261,757570,Bethesda Softworks
1262,697610,Upturn Games
1263,438140,White Wizard Games
1264,250760,Yacht Club Games
1265,314980,BattleGoat Studios
1266,12200,Rockstar Games
1267,317400,Prism Game Studios Ltd.
1268,510630,Soccer Manager Ltd
1269,303390,Microblast Games
1270,463100,Sometimes You
1271,406290,Asmodee Digital
1272,107100,Supergiant Games
1273,322190,Image & Form Games
1274,400910,Sekai Project
1275,222480,Capcom
1276,240760,inXile Entertainment
1277,568770,Dicesuki
1278,34270,SEGA
1279,451130,Blaze Gamers
1280,2600,Activision
1281,619310,Glyph Worlds
1282,224900,Topware Interactive
1283,269470,Screaming Bee
1284,475550,Alawar Premium
1285,345180,EuroVideo Medien
1286,619340,NEZOS GAMES
1288,259060,Illwinter Game Design
1289,582550,Flamebait Games
1290,245470,Positech Games
1291,502370,Slitherine Ltd.
1292,222750,Eugen Systems
1293,619910,nanos GbR
1295,495280,"NIS America, Inc."
1296,206210,Warner Bros. Interactive Entertainment
1298,304240,"CAPCOM Co., Ltd."
1299,453980,Fifth Dimension Company
1300,215930,Topware Interactive
1301,18500,Hidden Path Entertainment
1302,321400,Supra Games
1303,306760,Cyan Inc.
1304,6860,Io-Interactive A/S
1305,380840,Teeworlds Team
1306,632300,Perun Creative
1307,423710,New Reality Games
1308,322780,Bossa Studios
1309,510660,European Games Group AG
1310,484900,Team17 Digital Ltd
1311,466910,Freakinware Studios
1312,7200,Ubisoft
1313,437920,WeirdBeard
1314,318020,Focus Home Interactive
1315,620130,QuickSave
1316,464350,Screeps
1317,17430,Electronic Arts
1318,381990,Gravity Interactive
1319,509240,Atriagames
1320,502800,XSEED Games
1321,522230,Robot Riot UG (haftungsbeschränkt)
1322,621830,Bigben Interactive
1323,250340,Step 1 Games LLC
1324,23310,Square Enix
1325,220260,Giants Software
1326,468920,Ultimate Games S.A.
1327,233840,Team17 Digital Ltd
1328,633880,EHTechnology
1329,221910,Galactic Cafe
1330,349720,Redbana Corporation
1331,300080,SEGA
1332,452230,Kongregate
1333,248610,KillHouse Games
1334,40980,FireFly Studios
1335,235380,Nival
1336,528740,Hunted Cow Studios
1337,575720,Panoramik Inc
1338,598960,Jan Zelený
1339,533150,CharlieH
1340,400170,NeocoreGames
1341,427730,Evil Tortilla Games
1342,204450,Techland Publishing
1343,543460,Capcom
1344,542340,StalkerAlex.
1345,253490,ESTsoft Inc.
1346,365450,Fellow Traveller
1347,55140,THQ Nordic
1348,741260,X.D. Network Inc.
1349,442120,Zen Studios
1350,383800,Raconteur Games
1351,344230,DL Softworks
1352,426000,HuniePot
1353,57300,Frictional Games
1354,250400,505 Games
1355,457730,Zillion Whales
1356,547960,Amaterasu Software
1357,385070,New Reality Games
1358,552590,Tequila Works
1359,234670,BANDAI NAMCO Entertainment
1360,205610,Kalypso Media Digital
1361,1930,Topware Interactive
1362,491650,New Reality Games
1363,304410,Matthew Brown
1364,34440,2K
1365,361280,Gamious
1366,571310,Image & Form Games
1368,564310,Devolver Digital
1370,218640,Shiver Games
1371,441960,SCS Software
1372,206190,Suspicious Developments
1373,579230,Synnergy Circle Games
1374,458710,Ironhide Game Studio
1375,291860,The Behemoth
1376,345090,Moonlight Mouse
1377,414700,Red Barrels
1378,100,Valve
1379,622920,BrainStrainStudios
1380,650000,Bethesda Softworks
1381,377310,Back To Basics Gaming
1382,6000,LucasArts
1383,4570,SEGA
1384,735570,PsychoFlux Entertainment
1385,264200,Silver Dollar Games
1386,498240,Telltale Games
1387,9350,Square Enix
1388,204120,Warner Bros. Interactive Entertainment
1389,225420,Paradox Interactive
1390,329130,Indie Voyage
1391,732430,GrizzlyGames
1392,20500,THQ Nordic
1393,602520,Sekai Project
1394,609940,Ankama Games
1395,418650,I-Illusions
1396,406150,Dominique Grieshofer
1397,32510,LucasArts
1398,57740,THQ Nordic
1399,47400,FireFly Studios
1400,467010,New Reality Games
1401,246420,Ironhide Game Studio
1402,20570,SEGA
1403,378370,Diminished Studios
1404,1280,Darklight Games
1405,214560,Microsoft Studios
1406,431180,eduweb
1407,675260,Telltale Games
1408,202170,Square Enix
1409,286570,Codemasters
1410,404590,Kalypso Media Digital
1411,581100,Sometimes You
1412,397950,tinyBuild
1413,596650,Panoramik inc
1414,648430,Hi-Rez Studios
1415,394310,tinyBuild
1416,16700,SouthPeak Games
1417,65540,THQ Nordic
1418,324270,Polygon Art
1419,423770,John Wizard
1420,250520,Stygian Software
1421,330840,Telltale Games
1422,17410,Electronic Arts
1424,20,Valve
1425,585410,YoYo Games Ltd.
1427,237930,Supergiant Games
1428,50,Valve
1429,527430,NeocoreGames
1430,442070,"Jackbox Games, Inc."
1432,492090,STUDIOARTDINK
1433,55150,SEGA
1434,578620,Devolver Digital
1435,45740,Capcom
1437,12810,Codemasters
1438,2990,Strategy First
1439,574810,Vyacheslav Shilikhin
1440,507360,Magicbane
1441,470220,Ubisoft Entertainment
1442,269770,Pixel Ferrets
1445,388750,"H2 Interactive Co., Ltd."
1446,346120,Spasman Games
1447,363930,Headup
1448,435030,FIVE-BN GAMES
1449,350640,Bigben Interactive
1450,658980,encurio
1451,608560,YarGri
1452,228260,Stardock Entertainment
1453,238260,FarSight Studios
1454,392950,FIVE-BN GAMES
1455,3620,"PopCap Games, Inc."
1456,637100,SEGA
1457,327400,Retroism
1458,694130,upjers
1459,244030,Bohemia Interactive
1460,245490,Ubisoft
1461,517790,Activision
1462,311730,"KOEI TECMO GAMES CO., LTD."
1464,213330,Warner Bros. Interactive Entertainment 
1465,300790,SmiteWorks USA LLC
1466,547900,Solecismic Software
1467,234080,Konami Digital Entertainment
1468,50300,2K
1469,559650,Daedalic Entertainment
1470,333600,Sekai Project
1471,34830,CI Games
1472,715310,Acute Games
1473,22600,Team17 Digital Ltd
1474,438490,BANDAI NAMCO Entertainment
1475,588210,Zero Gravity
1476,422900,Knuckle Cracker
1477,561590,KISS ltd
1478,6030,LucasArts
1479,418340,Rooster Teeth Games
1480,239070,Crackshell
1481,578260,Blaiz Entertainment
1482,218510,Topware Interactive
1483,12100,Rockstar Games
1484,288140,"Perfect.Golf, Inc."
1485,300380,Tripwire Interactive
1486,435440,FX Games Media
1487,332070,"JumpStart Games, Inc."
1488,12140,Rockstar Games
1489,17570,Octoshark Studios
1490,206500,Carbon Games
1491,421040,VaragtP
1492,486310,Might and Delight
1493,384490,Paradox Interactive
1494,242550,Ubisoft
1495,381640,Mail.Ru
1497,351940,Microids Indie
1498,244770,"Schine, GmbH"
1499,314150,DotEmu
1500,525920,Focus Home Interactive
1501,298050,Wargaming Labs
1502,8190,Square Enix
1503,24780,Electronic Arts
1504,329430,Xbox Game Studios
1505,565380,Panoramik Inc
1506,558100,Game Science
1507,366440,"S2 Games, LLC"
1508,418240,Daedalic Entertainment
1509,600750,Disruptor Beam Inc.
1510,231120,SCS Software
1511,238010,Square Enix
1512,207140,tinyBuild
1514,493900,Kalypso Media Digital
1515,234330,D3 Go!
1516,257350,Beamdog
1517,202970,Activision
1518,296870,Asteristic Game Studio
1519,265630,Fistful of Frags Team
1520,563560,Reactive Drop Team
1521,572410,Paradox Interactive
1522,463110,Sometimes You
1523,224580,Bohemia Interactive
1524,362960,Paradox Interactive
1525,418370,"CAPCOM Co., Ltd."
1526,206480,"Standing Stone Games, LLC"
1527,414340,Ninja Theory
1528,268050,Bethesda Softworks
1529,385770, 
1530,350080,Bethesda Softworks
1531,355180,Hoobalugalar_X
1532,313120,Beam Team Pty Ltd
1533,595280,Imperium42® Game Studio
1534,225840,Sven Co-op Team
1535,201310,Egosoft
1536,552700,Square Enix
1537,389570,Freakinware Studios
1538,463710,Sometimes You
1539,289950,astragon Entertainment
1540,239350,Mossmouth
1541,41700,GSC Game World
1542,585790,Maximus.ez
1543,514660,Sometimes You
1544,274920,Holotech Studios
1546,614570,Bethesda Softworks
1547,239820,Greenheart Games
1548,320300,PlayWay S.A.
1549,39540,THQ Nordic
1550,509930,Anamik Majumdar
1551,312450,Slitherine Ltd.
1552,436150,Azerion
1553,307690,SQUARE ENIX
1554,207610,Skybound Games
1555,99900,"Grey Havens, LLC"
1556,274940,Digital Confectioners
1557,249050,SEGA
1558,403190,Madruga Works
1559,409710,2K
1560,410320,D3 PUBLISHER
1561,552100,Lukas Rustemeyer
1562,242860,M2H
1563,24980,Electronic Arts
1564,224600,Trion Worlds
1565,448780,KishMish Games
1566,690510,O'olBlue Inc.
1567,2700,Atari
1568,610180,"Jackbox Games, Inc."
1569,102500,38 Studios
1570,664430,2K
1571,480650,"Konami Digital Entertainment, Inc."
1572,636040,Kukouri Mobile Entertainment
1573,268650,Brilliant Skies Ltd.
1574,209170,Activision
1575,387290,Xbox Game Studios
1576,285900,Double Fine Presents
1577,238320,Red Barrels
1578,611500,Bethesda Softworks
1579,270150,Osumia Games
1580,40100,Square Enix
1581,405310,Warner Bros. Interactive Entertainment
1582,352400,Warner Bros. Interactive Entertainment
1583,528300,Meridian4
1584,454690,Sometimes You
1585,208480,Ubisoft
1586,486150,New Reality Games
1587,57690,Kalypso Media Digital
1588,386070,Planetary Annihilation Inc
1589,378540,Focus Home Interactive
1590,21690,Capcom
1591,56400,SEGA
1592,375910,Ubisoft
1593,394510,"PlayStation Mobile, Inc."
1594,668630,SakuraGame
1595,582500,Total Mayhem Games
1597,17460,Electronic Arts
1598,241560,Ubisoft
1599,253940,Topware Interactive
1600,4500,GSC Game World
1601,44350,Codemasters
1602,397060,Versus Evil
1603,48240,Ubisoft
1604,406090,Thorngames
1605,438640,Warner Bros. Interactive Entertainment
1606,547040,Patagoniart
1607,444460,New Reality Games
1608,341380,HCPGames
1609,557780,R-Age
1610,214490,SEGA
1611,489520,BetaDwarf
1613,391660,New Reality Games
1614,248820,Chucklefish
1615,242680,Vlambeer
1616,705220,Camex Games
1617,635260,CarX Technologies
1618,552110,"Grey Havens, LLC"
1619,2820,Egosoft
1621,384480,Cybernetik Design
1622,402570,Trion Worlds
1623,4920,Unknown Worlds Entertainment
1624,461910,Panoramik Inc
1625,273350,2K
1626,278080,"KOEI TECMO GAMES CO., LTD."
1627,6020,LucasArts
1628,585560,Tero Lunkka
1629,232910,Ubisoft
1630,48190,Ubisoft
1631,346940,Paradox Interactive
1632,39150,Square Enix
1633,276810,Focus Home Interactive
1634,339800,HuniePot
1635,35140,Warner Bros. Interactive Entertainment
1637,35720,Frozenbyte
1638,220700,Degica
1639,223100,Deep Silver
1640,575570,Anea_Duo_Dev
1642,530700,Bohemia Interactive
1643,230290,Giant Army
1644,311560,Ubisoft
1645,403560,Back To Basics Gaming
1646,63380,Rebellion
1647,616360,EHTechnology
1648,312060,Square Enix
1649,17480,Electronic Arts
1650,223750,The Fighter Collection
1651,456670,Defiant Development
1652,462930,Hyper Hippo Games
1653,48220,Ubisoft
1654,704040,Autotelic Games LLC
1655,448510,Team17 Digital Ltd
1656,644560,Paradise Project
1657,505460,Clapfoot
1658,544730,United Soft Media
1659,316390,Cybertime System
1660,3830,Double Fine Productions
1661,383980,Dan Fornace
1662,397460,"Jackbox Games, Inc."
1663,205710,Daybreak Game Company
1664,265930,Coffee Stain Publishing
1665,496690,Sometimes You
1666,466580,Marco Tancredi
1667,414530,My.com
1668,285310,Atari
1669,525480,BANDAI NAMCO Entertainment
1670,233860,Lo-Fi Games
1671,431730,Igara Studio
1672,371460,8Floor
1673,462030,Riviysky
1674,47870,Electronic Arts
1675,342970,Patagoniart
1676,300550,Paradox Interactive
1679,402710,Reverb Triple XP
1680,39500,THQ Nordic
1681,428690,U-Play Online
1682,320,Valve
1683,568220,Project Moon
1684,413420,"Spike Chunsoft Co., Ltd."
1685,25890,Paradox Interactive
1686,321960,Ubisoft
1687,436520,BlackSpot Entertainment
1688,575860,Amaterasu Software
1689,513590,NewRealityGames
1690,301120,SEGA
1692,326360,AIGRIND
1693,527770,Sometimes You
1694,357310,Iceberg Interactive
1695,386940,Clever Endeavour Games
1696,362890,Crowbar Collective
1697,574640,RandomSpin
1698,4580,SEGA
1700,360170,505 Games
1701,538680,XSEED Games
1702,65800,Trendy Entertainment
1703,631530,Vyacheslav Shilikhin
1704,734580,Thunder Devs.
1705,254700,Capcom
1706,420,Valve
1707,257510,Devolver Digital
1708,20510,GSC World Publishing
1709,24720,Electronic Arts
1710,321360,Circle Five Studios
1711,290340,League of Geeks
1713,555920,Infernal Dream
1714,282800,Fruitbat Factory
1717,493490,"Forward Global Group, Ltd."
1718,400040,ShareX Team
1719,622650,Joey Drew Studios Inc.
1720,78000,"PopCap Games, Inc."
1721,460790,SEGA
1722,219780,Larian Studios
1723,40950,FireFly Studios
1724,443110,My.com
1725,355790,Focus Home Interactive
1726,486480,Tero Lunkka
1727,262410,Noble Empire Corp.
1728,223470,Running With Scissors
1729,12110,Rockstar Games
1730,323470,BANDAI NAMCO Entertainment
1731,17450,Electronic Arts
1732,512020,GamersHype Productions
1733,375230,Behaviour Interactive Inc.
1734,239030,3909
1735,397340,"Jundroo, LLC"
1736,247080,Brace Yourself Games
1737,258700,Cherry Credits
1738,524660,Rutony Studio
1739,388410,THQ Nordic
1740,239160,Square Enix
1741,376570,NCSOFT
1742,373930,Kalypso Media Digital
1743,39550,THQ Nordic
1744,244160,Gearbox Publishing
1745,353640,Flazm
1746,292120,Square Enix
1747,351970,BANDAI NAMCO Entertainment
1748,243470,Ubisoft
1749,662320,"RED DUCK, INC."
1750,15620,SEGA
1751,204100,Rockstar Games
1752,331670,"Jackbox Games, Inc."
1753,542550,PanGuoJun
1755,17500,Zombie Panic Team
1756,578330,TT Games
1757,38400,Bethesda Softworks
1758,445190,THQ Nordic
1759,485390,Sometimes You
1760,633460,M2H
1761,591960,Kongregate
1762,34870,CI Games
1763,208140,SEGA
1764,307960,1C Game Studios
1765,324080,JIW-Games
1766,201790,Robot Entertainment
1767,39680,THQ Nordic
1768,378720,MuHa Games
1769,40960,FireFly Studios
1770,298630,Team17 Digital Ltd
1771,24790,Electronic Arts
1772,313690,WB Games
1773,427100,Aerosoft GmbH
1774,235600,Ubisoft
1775,462780,THQ Nordic
1776,600600,EcoGames
1777,377840,Square Enix
1778,450540,RUST LTD.
1779,493840,Capcom
1780,717640,Devolver Digital
1781,291410,BANDAI NAMCO Entertainment America
1782,108200,Days of Wonder
1783,45760,Capcom
1784,9200,Bethesda Softworks
1786,227320,YouNeedABudget.com
1787,541210,Killerfish Games
1788,587260,Aksys Games
1789,584400,SEGA
1790,397580,PatchNoteStudio
1791,599100,Atriagames
1792,428950,Back To Basics Gaming
1793,471710,Against Gravity®
1794,634160,Falcon Development
1795,496300,Raw Fury
1796,392780,Lantana Games
1797,288470,Xbox Game Studios
1798,16810,2K
1799,537800,Curve Digital
1800,395380,KrupinskiArt
1801,268130,Suspicious Developments
1802,234650,Paradox Interactive
1803,228180,Mirillis
1804,262280,Kalypso Media Digital
1805,402170,Art-Pulsar
1806,248570,"Nicalis, Inc."
1807,576050,SharF Co.
1808,235340,Nival
1809,726390,PuzzleRoo
1810,242640,Focus Home Interactive
1811,629030,Idea Cabin
1812,532030,Eternity Studios
1813,388440,The Light Sword Team
1814,527800,Artur Rezende
1815,567640,"Spike Chunsoft Co., Ltd."
1816,467390,Dymchick1
1817,253250,(none)
1818,500940,PSY LABS
1819,386700,Vertigo Gaming Inc.
1820,342180,Vertigo Games
1821,515690,Back To Basics Gaming
1822,41070,Devolver Digital
1823,606050,Lestyo
1826,626010,Kongregate
1828,255220,Codemasters
1829,620940,Retrific
1830,539450,Sometimes You
1831,214730,1C Entertainment
1832,673610,Apoapsis Studios
1833,201230,Daybreak Game Company
1834,383080,Winged Cloud
1835,451020,THQ Nordic
1836,447990,The Light Sword Team
1837,503820,Amaterasu Software
1838,413410,"Spike Chunsoft Co., Ltd."
1839,280220,Knuckle Cracker
1840,2630,Activision
1841,209160,Activision
1842,487120,Blue Isle Studios
1843,233130,Devolver Digital
1844,582430,Maximus.ez
1845,420290,Mastfire Studios Pty Ltd
1846,42910,Paradox Interactive
1847,9880,Perfect World Entertainment
1848,361800,oddonegames
1849,302670,Digitalmindsoft
1850,7940,Activision
1851,302590,Subvert Games
1852,380,Valve
1853,415960,Sometimes You
1854,360450,Flying Interactive
1855,520440,Arc System Works
1856,32440,LucasArts
1857,461890,Sometimes You
1858,252150,Spicyhorse Games
1859,586140,"H2 Interactive Co., Ltd."
1861,253230,Gears for Breakfast
1862,396750,ROCKFISH Games
1863,244930,Crytek
1864,383580,S.C. 16 BIT NIGHTS S.R.L.
1866,208500,Codemasters
1867,601340,AL-GAME
1868,390670,Changyou.com Limited
1869,324800,Devolver Digital
1870,245170,Marvelous
1871,606330,IceTorch Interactive
1872,247000,Asmodee Digital
1873,354640,Ubisoft
1874,241600,Cellar Door Games
1875,589870,Light Bringer Games inc.
1876,412600,Back To Basics Gaming
1877,287290,"CAPCOM Co., Ltd."
1878,331600,BANDAI NAMCO Entertainment
1879,619400,Amaterasu Software
1880,38410,Bethesda Softworks
1881,448640,New Reality Games
1882,591560,New Reality Games
1883,481510,Finji
1884,519190,Last Level
1885,210970,"Thekla, Inc."
1886,261110,Deep Silver
1887,201870,Ubisoft
1888,253880,Topware Interactive
1889,39510,THQ Nordic
1890,491530,Aerosoft GmbH
1891,296490,Armor Games Studios
1892,366090,Pipliz
1893,644930,Numantian Games
1894,448630,New Reality Games
1895,450390,Valve
1896,219150,Devolver Digital
1897,261570,Xbox Game Studios
1898,222940,SNK CORPORATION
1899,293260,Blue Manchu
1900,246900,RuneStorm
1901,332570,Fayju
1902,591740,Gameloft
1904,705120,NEXT Studios
1905,369990,The Merchant Guild of Rund (Limited)
1906,249230,Deep Silver
1907,230190,Brightrock Games
1908,351030,DL Softworks
1909,376730,D-Games
1910,535260,BadWolf Games
1911,24810,Electronic Arts
1912,341800,Steel Crate Games
1913,655780,Tasharen Entertainment Inc.
1914,732730,"Rocketeer Games Studio, LLC"
1915,530070,Dovetail Games - TSW
1916,322500,SUPERHOT Team
1917,12220,Rockstar Games
1918,10540,SEGA
1919,512470,Home Net Games
1921,528070,8Floor
1922,493370,Gravity Interactive
1923,271240,Stardock Entertainment
1924,515470,Back To Basics Gaming
1926,324310,astragon Entertainment
1928,290300,Double Damage Games
1929,301640,Rebellion
1930,644570,Paradise Project
1931,400250,Chubby Pixel
1932,409720,2K
1933,9480,Deep Silver
1934,425340,Black Shell Media
1935,24740,Electronic Arts
1936,463210,New Reality Games
1937,24800,Electronic Arts
1938,480430,Funcom
1939,209660,Activision
1940,283640,Ska Studios
1941,428900,KHB-Soft
1942,523150,8Floor
1943,383150,Deep Silver
1944,372800,Marxnet
1945,427490,Positech Games
1946,220440,Capcom
1947,15370,Ubisoft
1949,326160,Portalarium
1950,30,Valve
1951,22300,Bethesda Softworks
1952,431600,Reiza
1953,223330,Akella
1954,272270,inXile Entertainment
1955,327030,Team17 Digital Ltd
1957,294860,SEGA
1958,444480,New Reality Games
1959,263560,Ultra Runaway Games
1961,296300,Aquiris Game Studio
1962,404410,Michael Zahniser
1963,304650,Failbetter Games
1964,230230,Larian Studios
1965,570840,Orange Juice Dog
1966,496240,Downpour Interactive
1968,412170,New Reality Games
1969,11610,Eyedentity Games Inc.
1970,330070,MAGIX Software GmbH
1971,544610,Slitherine Ltd.
1972,512900,tinyBuild
1973,362620,Coredumping
1974,15170,Ubisoft
1975,408760,Focus Home Interactive
1976,518030,ProGames Studio
1978,477770,Milestone S.r.l.
1979,658160,Slikey Games
1980,321800,Beamdog
1981,22100,TaleWorlds Entertainment
1982,21130,Warner Bros. Interactive Entertainment
1983,203350,1C Entertainment
1985,252690,"SmiteWorks USA, LLC"
1986,367450,Dry Cactus
1987,73170,Paradox Interactive
1988,311860,New Reality Games
1989,482920,European Games Group AG
1990,568570,A.Y.std
1991,562760,!Lim studio
1992,394690,PixelTail Games
1993,64000,1C Entertainment
1994,227860,Sauropod Studio
1995,34000,SEGA
1997,429050,Greens s.r.o.
1998,209650,Activision
1999,304730,Good Shepherd Entertainment
