,Unnamed: 0,appid,type,name,releasedate,freetoplay
0,0,578080,game,PLAYERUNKNOWN'S BATTLEGROUNDS,21-Dec-17,0.0
3,4,359550,game,Tom Clancy's Rainbow Six Siege,1-Dec-15,0.0
4,5,271590,game,Grand Theft Auto V,13-Apr-15,0.0
8,9,252950,game,Rocket League,7-Jul-15,0.0
9,10,252490,game,Rust,8-Feb-18,0.0
10,11,624090,game,Football Manager 2018,9-Nov-17,0.0
11,12,346110,game,ARK: Survival Evolved,27-Aug-17,0.0
12,13,4000,game,Garry's Mod,29-Nov-06,0.0
13,14,8930,game,Sid Meier's Civilization V,23-Sep-10,0.0
14,15,218620,game,PAYDAY 2,13-Aug-13,0.0
15,16,227300,game,Euro Truck Simulator 2,12-Oct-12,0.0
16,17,107410,game,Arma 3,12-Sep-13,0.0
17,18,365590,game,Tom Clancy's The Division,7-Mar-16,0.0
19,20,377160,game,Fallout 4,9-Nov-15,0.0
20,21,289070,game,Sid Meier's Civilization VI,20-Oct-16,0.0
22,23,105600,game,Terraria,16-May-11,0.0
23,25,72850,game,The Elder Scrolls V: Skyrim,10-Nov-11,0.0
25,27,476620,game,Call of Duty: WWII - Multiplayer,2-Nov-17,0.0
26,28,10,game,Counter-Strike,1-Nov-00,0.0
28,30,292030,game,The Witcher 3: Wild Hunt,18-May-15,0.0
29,31,381210,game,Dead by Daylight,14-Jun-16,0.0
30,32,236850,game,Europa Universalis IV,13-Aug-13,0.0
31,33,489830,game,The Elder Scrolls V: Skyrim Special Edition,27-Oct-16,0.0
32,34,306130,game,The Elder Scrolls Online: Tamriel Unlimited,22-May-17,0.0
34,36,435150,game,Divinity: Original Sin 2,14-Sep-17,0.0
35,37,394360,game,Hearts of Iron IV,6-Jun-16,0.0
36,38,251570,game,7 Days to Die,13-Dec-13,0.0
37,39,281990,game,Stellaris,9-May-16,0.0
38,40,550,game,Left 4 Dead 2,16-Nov-09,0.0
39,41,594570,game,Total War: WARHAMMER II,28-Sep-17,0.0
40,42,221380,game,Age of Empires II: HD Edition,9-Apr-13,0.0
42,44,582660,game,Black Desert Online,24-May-17,0.0
43,45,255710,game,Cities: Skylines,10-Mar-15,0.0
44,46,214950,game,Total War: ROME II - Emperor Edition,2-Sep-13,0.0
47,49,294100,game,RimWorld,17-Oct-18,0.0
48,50,413150,game,Stardew Valley,26-Feb-16,0.0
49,51,582160,game,Assassin's Creed Origins,26-Oct-17,0.0
50,52,322330,game,Don't Starve Together,21-Apr-16,0.0
51,53,577800,game,NBA 2K18,14-Sep-17,0.0
53,55,447020,game,Farming Simulator 17,24-Oct-16,0.0
55,58,427520,game,Factorio,25-Feb-16,0.0
56,59,49520,game,Borderlands 2,19-Sep-12,0.0
58,61,48700,game,Mount & Blade: Warband,31-Mar-10,0.0
59,62,374320,game,DARK SOULSÂ III,11-Apr-16,0.0
60,63,431960,game,Wallpaper Engine,16-Nov-18,0.0
61,64,268500,game,XCOM 2,4-Feb-16,0.0
62,65,311290,game,SpellForce 3,7-Dec-17,0.0
63,66,240,game,Counter-Strike: Source,1-Nov-04,0.0
64,67,39210,game,FINAL FANTASY XIV Online,18-Feb-14,0.0
65,68,203770,game,Crusader Kings II,14-Feb-12,0.0
66,69,356190,game,Middle-earthÂ: Shadow of WarÂ,9-Oct-17,0.0
67,70,253920,game,Gorky 17,27-Sep-13,0.0
68,72,242760,game,The Forest,30-Apr-18,0.0
69,73,250900,game,The Binding of Isaac: Rebirth,4-Nov-14,0.0
71,75,485510,game,Nioh: Complete Edition,7-Nov-17,0.0
72,76,219990,game,Grim Dawn,25-Feb-16,0.0
74,79,259340,game,Chicken Shoot Gold,1-Nov-03,0.0
75,80,231430,game,Company of Heroes 2,25-Jun-13,0.0
77,82,359320,game,Elite Dangerous,2-Apr-15,0.0
79,84,364360,game,Total War: WARHAMMER,24-May-16,0.0
80,85,22380,game,Fallout: New Vegas,20-Oct-10,0.0
81,86,244850,game,Space Engineers,28-Feb-19,0.0
82,87,325610,game,Total War: ATTILA,17-Feb-15,0.0
84,89,298610,game,Ylands,6-Dec-17,0.0
85,90,264710,game,Subnautica,23-Jan-18,0.0
86,91,322170,game,Geometry Dash,22-Dec-14,0.0
87,92,211820,game,Starbound,22-Jul-16,0.0
88,93,242920,game,Banished,18-Feb-14,0.0
91,96,460930,game,Tom Clancy's Ghost ReconÂ® Wildlands,6-Mar-17,0.0
92,97,373420,game,Divinity: Original Sin Enhanced Edition,27-Oct-15,0.0
94,99,220200,game,Kerbal Space Program,27-Apr-15,0.0
95,100,10500,game,Empire: Total War,4-Mar-09,0.0
96,101,4700,game,Medieval II: Total War,15-Nov-06,0.0
97,102,221100,game,DayZ,13-Dec-18,0.0
99,104,239140,game,Dying Light,26-Jan-15,0.0
100,105,232090,game,Killing Floor 2,18-Nov-16,0.0
101,106,457140,game,Oxygen Not Included,18-May-17,0.0
102,107,55100,game,Homefront,14-Mar-11,0.0
103,108,391220,game,Rise of the Tomb Raider,9-Feb-16,0.0
106,111,47890,game,The Sims(TM) 3,27-Jan-11,0.0
107,112,314160,game,Microsoft Flight Simulator X: Steam Edition,18-Dec-14,0.0
108,113,305620,game,The Long Dark,1-Aug-17,0.0
109,115,268910,game,Cuphead,29-Sep-17,0.0
110,116,628890,game,NOBUNAGA'S AMBITION: Taishi,29-Nov-17,0.0
112,118,612880,game,Wolfenstein II: The New Colossus,26-Oct-17,0.0
114,120,270880,game,American Truck Simulator,2-Feb-16,0.0
116,122,475150,game,Titan Quest Anniversary Edition,31-Aug-16,0.0
117,123,620,game,Portal 2,18-Apr-11,0.0
119,125,440900,game,Conan Exiles,8-May-18,0.0
121,127,34330,game,Total War: SHOGUN 2,14-Mar-11,0.0
123,129,225540,game,Just Cause 3,30-Nov-15,0.0
124,130,619890,game,Evil Glitch,31-May-17,0.0
125,131,240720,game,Getting Over It with Bennett Foddy,6-Dec-17,0.0
126,132,105450,game,Age of EmpiresÂ® III: Complete Collection,5-Jan-12,0.0
127,134,311210,game,Call of Duty: Black Ops III,5-Nov-15,0.0
128,135,493340,game,Planet Coaster,17-Nov-16,0.0
129,136,346010,game,Besiege,28-Jan-15,0.0
132,139,595460,game,Flix and Chill,27-Feb-17,0.0
133,140,383120,game,Empyrion - Galactic Survival,5-Aug-15,0.0
134,141,262060,game,Darkest Dungeon,19-Jan-16,0.0
135,142,284160,game,BeamNG.drive,29-May-15,0.0
136,143,244210,game,Assetto Corsa,19-Dec-14,0.0
137,144,389730,game,TEKKEN 7,1-Jun-17,0.0
138,145,518790,game,theHunterÂ: Call of the Wild,16-Feb-17,0.0
139,146,446800,game,Transport Fever,8-Nov-16,0.0
140,147,222880,game,Insurgency,22-Jan-14,0.0
143,150,379720,game,DOOM,12-May-16,0.0
146,154,674940,game,Stick Fight: The Game,28-Sep-17,0.0
147,155,335300,game,DARK SOULSÂ II: Scholar of the First Sin,1-Apr-15,0.0
148,156,287700,game,METAL GEAR SOLID V: THE PHANTOM PAIN,1-Sep-15,0.0
149,157,392110,game,Endless Space 2,18-May-17,0.0
150,158,286160,game,Tabletop Simulator,5-Jun-15,0.0
151,159,411300,game,ELEX,17-Oct-17,0.0
152,160,385760,game,NBA 2K17,20-Sep-16,0.0
153,161,241930,game,Middle-earthÂ: Shadow of MordorÂ,30-Sep-14,0.0
154,162,393380,game,Squad,14-Dec-15,0.0
155,163,477160,game,Human: Fall Flat,22-Jul-16,0.0
156,164,33930,game,Arma 2: Operation Arrowhead,29-Jun-10,0.0
157,165,202990,game,Call of Duty: Black Ops II - Multiplayer,12-Nov-12,0.0
159,167,515220,game,F1 2017,24-Aug-17,0.0
160,168,228200,game,Company of Heroes,11-Sep-06,0.0
162,171,454650,game,DRAGON BALL XENOVERSE 2,27-Oct-16,0.0
163,172,304390,game,For Honor,13-Feb-17,0.0
166,177,24010,game,Train Simulator,17-Sep-15,0.0
167,178,10190,game,Call of Duty: Modern Warfare 2 - Multiplayer,11-Nov-09,0.0
168,179,645630,game,Car Mechanic Simulator 2018,28-Jul-17,0.0
169,180,476600,game,Call of Duty: WWII,2-Nov-17,0.0
170,181,663390,game,Rento Fortune - Multiplayer Board Game,14-Jul-17,0.0
171,182,34030,game,Napoleon: Total War,25-Feb-10,0.0
172,183,378860,game,Project CARS 2,21-Sep-17,0.0
173,184,384300,game,CPUCores :: Maximize Your FPS,6-Jul-15,0.0
174,185,418460,game,Rising Storm 2: Vietnam,30-May-17,0.0
175,186,367520,game,Hollow Knight,24-Feb-17,0.0
177,188,244450,game,Men of War: Assault Squad 2,15-May-14,0.0
178,189,312660,game,Sniper Elite 4,13-Feb-17,0.0
179,190,363150,game,Romance of the Three Kingdoms 13,27-Jan-16,0.0
180,191,282070,game,This War of Mine,14-Nov-14,0.0
182,193,200510,game,XCOM: Enemy Unknown,11-Oct-12,0.0
184,195,233450,game,Prison Architect,6-Oct-15,0.0
186,197,242050,game,Assassin's Creed IV Black Flag,19-Nov-13,0.0
190,201,403640,game,Dishonored 2,11-Nov-16,0.0
191,202,524220,game,NieR:AutomataÂ,17-Mar-17,0.0
192,203,469600,game,Legion TD 2,20-Nov-17,0.0
194,205,4760,game,Rome: Total War,28-Aug-07,0.0
196,207,387990,game,Scrap Mechanic,19-Jan-16,0.0
197,208,480490,game,Prey,4-May-17,0.0
198,209,447040,game,Watch_Dogs 2,28-Nov-16,0.0
199,210,688470,game,Gloria Sinica: Han Xiongnu Wars,7-Dec-17,0.0
202,213,261640,game,Borderlands: The Pre-Sequel,15-Oct-14,0.0
205,216,266840,game,Age of Mythology: Extended Edition,8-May-14,0.0
206,217,203160,game,Tomb Raider,4-Mar-13,0.0
207,218,291650,game,Pillars of Eternity,26-Mar-15,0.0
209,221,212680,game,FTL: Faster Than Light,14-Sep-12,0.0
210,222,337000,game,Deus Ex: Mankind DividedÂ,23-Aug-16,0.0
211,223,415200,game,Motorsport Manager,9-Nov-16,0.0
212,224,32470,game,STAR WARSÂ Empire at War: Gold Pack,25-May-10,0.0
214,226,569480,game,Kingdoms and Castles,20-Jul-17,0.0
216,228,473690,game,Absolver,29-Aug-17,0.0
217,229,433340,game,Slime Rancher,1-Aug-17,0.0
218,230,234140,game,Mad Max,1-Sep-15,0.0
219,231,298110,game,Far Cry 4,Nov-14,0.0
220,232,201810,game,Wolfenstein: The New Order,19-May-14,0.0
221,233,290080,game,Life is Feudal: Your Own,17-Nov-15,0.0
222,234,445220,game,Avorion,23-Jan-17,0.0
224,236,8800,game,Sid Meier's Civilization IV: Beyond the Sword,24-Jul-07,0.0
225,237,208650,game,BatmanÂ: Arkham Knight,23-Jun-15,0.0
227,239,326460,game,ShellShock Live,11-Mar-15,0.0
228,240,529180,game,Dark and Light,20-Jul-17,0.0
229,241,438740,game,Friday the 13th: The Game,25-May-17,0.0
230,242,8980,game,Borderlands,26-Oct-09,0.0
231,243,521630,game,Toadled,22-Sep-16,0.0
232,244,220,game,Half-Life 2,16-Nov-04,0.0
233,245,393420,game,Hurtworld,3-Dec-15,0.0
234,246,22330,game,The Elder Scrolls IV: Oblivion,16-Jun-09,0.0
235,247,20920,game,The Witcher 2: Assassins of Kings Enhanced Edition,16-Apr-12,0.0
237,249,3910,game,Sid Meier's Civilization III: Complete,25-Oct-06,0.0
238,250,516750,game,My Summer Car,24-Oct-16,0.0
239,251,252530,game,OMSI 2,11-Dec-13,0.0
240,252,360430,game,Mafia III,6-Oct-16,0.0
242,254,391540,game,Undertale,15-Sep-15,0.0
243,255,12120,game,Grand Theft Auto: San Andreas,6-Jan-11,0.0
244,257,20900,game,The Witcher: Enhanced Edition,16-Sep-08,0.0
246,259,431240,game,Golf With Your Friends,29-Jan-16,0.0
247,260,466560,game,Northgard,7-Mar-18,0.0
248,261,6060,game,"Star Wars: Battlefront 2 (Classic, 2005)",8-Jul-09,0.0
249,262,10090,game,Call of Duty: World at War,18-Nov-08,0.0
252,265,333420,game,Cossacks 3,20-Sep-16,0.0
254,267,235540,game,Warhammer: End Times - Vermintide,23-Oct-15,0.0
255,268,269210,game,Hero Siege,29-Jan-14,0.0
257,270,65930,game,The Bureau: XCOM Declassified,22-Aug-13,0.0
258,271,310950,game,Street Fighter V,15-Feb-16,0.0
259,272,275850,game,No Man's Sky,12-Aug-16,0.0
260,273,367500,game,Dragon's Dogma: Dark Arisen,15-Jan-16,0.0
261,274,448440,game,Bizarre Earthquake,11-May-16,0.0
262,275,12210,game,Grand Theft Auto IV,2-Dec-08,0.0
263,276,226840,game,Age of Wonders III,31-Mar-14,0.0
264,277,601430,game,The Evil Within 2,12-Oct-17,0.0
265,278,675010,game,Spintires: MudRunner,30-Oct-17,0.0
266,279,17390,game,Spore,19-Dec-08,0.0
268,281,646570,game,Slay the Spire,23-Jan-19,0.0
269,282,297000,game,Heroes of Might & Magic III - HD Edition,28-Jan-15,0.0
271,284,612510,game,The Far Frontier,26-Oct-17,0.0
272,285,263280,game,Spintires,12-Jun-14,0.0
273,286,206420,game,Saints Row IV,11-Sep-13,0.0
275,288,624120,game,Football Manager Touch 2018,9-Nov-17,0.0
276,289,220240,game,Far CryÂ® 3,28-Nov-12,0.0
277,290,521890,game,Hello Neighbor,8-Dec-17,0.0
279,292,299740,game,Miscreated,18-Dec-18,0.0
280,293,65980,game,Sid Meier's Civilization: Beyond Earth,23-Oct-14,0.0
281,294,219640,game,Chivalry: Medieval Warfare,16-Oct-12,0.0
282,295,588650,game,Dead Cells,6-Aug-18,0.0
284,297,55230,game,Saints Row: The Third,14-Nov-11,0.0
285,298,221680,game,RocksmithÂ® 2014 Edition - Remastered,4-Oct-16,0.0
286,300,208580,game,STAR WARSÂ Knights of the Old RepublicÂ II: The Sith LordsÂ,23-Aug-12,0.0
288,303,310560,game,DiRT Rally,7-Dec-15,0.0
289,304,434650,game,Lost Castle,31-Aug-16,0.0
290,305,393430,game,Ice Lakes,19-Apr-16,0.0
292,307,200710,game,Torchlight II,20-Sep-12,0.0
293,308,205100,game,Dishonored,10-Oct-12,0.0
294,309,349040,game,NARUTO SHIPPUDEN: Ultimate Ninja STORM 4,4-Feb-16,0.0
295,310,300,game,Day of Defeat: Source,12-Jul-10,0.0
296,311,213670,game,South ParkÂ: The Stick of TruthÂ,5-Mar-14,0.0
297,312,50130,game,Mafia II,22-Mar-11,0.0
298,313,334230,game,Town of Salem,15-Dec-14,0.0
300,315,245620,game,Tropico 5,23-May-14,0.0
301,316,204880,game,Sins of a Solar Empire: Rebellion,12-Jun-12,0.0
302,317,449540,game,There's Poop In My Soup,14-Mar-16,0.0
303,318,451340,game,Gold Rush: The Game,13-Oct-17,0.0
304,319,80,game,Counter-Strike: Condition Zero,1-Mar-04,0.0
305,321,376210,game,The Isle,1-Dec-15,0.0
306,322,488790,game,South Park The Fractured But Whole,16-Oct-17,0.0
307,323,542650,game,OnTheFrontLine,19-Oct-16,0.0
308,325,429660,game,Tales of Berseria,26-Jan-17,0.0
309,326,35450,game,Rising Storm/Red Orchestra 2 Multiplayer,13-Sep-11,0.0
310,327,313160,game,Farming Simulator 15,30-Oct-14,0.0
311,328,455940,game,Odd||Even,6-Apr-16,0.0
312,329,447820,game,Day of Infamy,23-Mar-17,0.0
313,330,286690,game,Metro 2033 Redux,27-Aug-14,0.0
314,331,607890,game,Sword Art Online: Hollow Realization Deluxe Edition,27-Oct-17,0.0
315,332,251060,game,Wargame: Red Dragon,17-Apr-14,0.0
316,333,375450,game,NOBUNAGA'S AMBITION: Souzou SengokuRisshiden,23-Mar-16,0.0
317,334,657200,game,Hand Simulator,18-Jul-17,0.0
319,336,311690,game,Enter the Gungeon,5-Apr-16,0.0
321,338,42710,game,Call of Duty: Black Ops - Multiplayer,8-Nov-10,0.0
324,341,627270,game,InjusticeÂ 2,30-Nov-17,0.0
326,343,438020,game,AI: Rampage,27-Jan-16,0.0
327,344,1250,game,Killing Floor,14-May-09,0.0
330,347,307780,game,Mortal Kombat X,13-Apr-15,0.0
331,348,42680,game,Call of Duty: Modern Warfare 3,7-Nov-11,0.0
332,349,108600,game,Project Zomboid,8-Nov-13,0.0
333,350,454180,game,CrazyCars3D,14-Jun-16,0.0
334,351,454150,game,Voxel Warfare Online,19-Apr-16,0.0
336,353,361420,game,ASTRONEER,5-Feb-19,0.0
337,354,285190,game,"Warhammer 40,000: Dawn of War III",27-Apr-17,0.0
338,355,10180,game,Call of Duty: Modern Warfare 2,11-Nov-09,0.0
339,356,113200,game,The Binding of Isaac,28-Sep-11,0.0
340,357,287390,game,Metro: Last Light Redux,27-Aug-14,0.0
341,359,363890,game,RPG Maker MV,23-Oct-15,0.0
342,360,357290,game,Red Lake,25-Mar-15,0.0
343,361,204360,game,Castle Crashers,26-Sep-12,0.0
344,362,374040,game,Portal Knights,18-May-17,0.0
345,363,269950,game,X-Plane 11,30-Mar-17,0.0
346,365,465650,game,Out of the Park Baseball 18,24-Mar-17,0.0
347,366,641990,game,The Escapists 2,21-Aug-17,0.0
351,370,289130,game,Endless Legend,18-Sep-14,0.0
353,374,8870,game,BioShock Infinite,25-Mar-13,0.0
357,379,558990,game,Opus Magnum,7-Dec-17,0.0
358,380,3900,game,Sid Meier's Civilization IV,25-Oct-06,0.0
359,381,589290,game,Holdfast: Nations At War,21-Sep-17,0.0
360,382,502520,game,Ultimate General: Civil War,14-Jul-17,0.0
362,384,609150,game,STAR OCEANÂ - THE LAST HOPEÂ - 4K & Full HD Remaster,28-Nov-17,0.0
363,385,496460,game,Life is Feudal: Forest Village,26-May-17,0.0
364,386,32370,game,STAR WARSÂ: Knights of the Old RepublicÂ,5-Sep-09,0.0
366,388,9450,game,"Warhammer 40,000: Dawn of War - Soulstorm",5-Mar-08,0.0
368,390,306020,game,Bloons TD5,19-Nov-14,0.0
369,391,287450,game,Rise of Nations: Extended Edition,12-Jun-14,0.0
370,392,42960,game,Victoria II,30-Aug-10,0.0
371,393,610120,game,Little Kite,14-Sep-17,0.0
372,395,236690,game,Blood Bowl 2,22-Sep-15,0.0
374,397,434170,game,The Jackbox Party Pack 3,17-Oct-16,0.0
377,400,2870,game,X Rebirth,15-Nov-13,0.0
379,402,234630,game,Project CARS,15-Mar-15,0.0
380,403,249130,game,LEGOÂ® MARVEL Super Heroes,15-Nov-13,0.0
382,405,226860,game,Galactic Civilizations III,14-May-15,0.0
383,406,236430,game,DARK SOULSÂ II,25-Apr-14,0.0
384,407,47810,game,Dragon Age: Origins - Ultimate Edition,26-Oct-10,0.0
385,408,200260,game,Batman: Arkham City GOTY,7-Sep-12,0.0
386,409,238090,game,Sniper Elite 3,27-Jun-14,0.0
387,410,228280,game,Baldur's Gate: Enhanced Edition,16-Jan-13,0.0
388,411,285920,game,TerraTech,10-Aug-18,0.0
389,412,210770,game,Sanctum 2,15-May-13,0.0
391,414,400,game,Portal,10-Oct-07,0.0
392,415,368070,game,Sniper Ghost Warrior 3,24-Apr-17,0.0
395,418,312530,game,Duck Game,4-Jun-15,0.0
396,419,238460,game,BattleBlock Theater,15-May-14,0.0
397,420,311310,game,Naval Action,21-Jan-16,0.0
398,422,365960,game,rFactor 2,12-Nov-15,0.0
399,423,581600,game,The Albatross,15-Feb-17,0.0
400,424,722060,game,Dominions 5,27-Nov-17,0.0
401,425,365360,game,Battle Brothers,24-Mar-17,0.0
402,426,292730,game,Call of Duty: Infinite Warfare,3-Nov-16,0.0
403,427,70,game,Half-Life,8-Nov-98,0.0
404,429,388660,game,Project Tarvotan,25-Sep-15,0.0
405,430,368500,game,Assassin's Creed Syndicate,18-Nov-15,0.0
406,431,24960,game,Battlefield: Bad Company 2,2-Mar-10,0.0
407,433,225260,game,BrÃ¼tal Legend,26-Feb-13,0.0
409,435,40970,game,Stronghold Crusader HD,21-Oct-13,0.0
411,437,33230,game,Assassin's Creed II,4-Mar-10,0.0
412,438,333950,game,Medieval Engineers,19-Feb-15,0.0
413,440,289650,game,Assassin's Creed Unity,12-Nov-14,0.0
414,441,555830,game,Vecitas,12-Apr-17,0.0
415,442,474960,game,Quantum Break,29-Sep-16,0.0
416,443,391040,game,F1 2016,18-Aug-16,0.0
419,448,545580,game,"GO AWAY, THERE'S KUMIS OVER THERE!",28-Oct-16,0.0
420,449,246620,game,Plague Inc: Evolved,18-Feb-16,0.0
421,450,42700,game,Call of Duty: Black Ops,8-Nov-10,0.0
422,451,332310,game,LEGOÂ® Worlds,7-Mar-17,0.0
424,453,366220,game,Wurm Unlimited,21-Oct-15,0.0
425,454,282440,game,Quake Live,17-Sep-14,0.0
427,456,431560,game,Hard Room,21-Jan-16,0.0
428,457,22370,game,Fallout 3 - Game of the Year Edition,17-Dec-09,0.0
429,458,500,game,Left 4 Dead,17-Nov-08,0.0
430,459,248390,game,Craft The World,24-Nov-14,0.0
431,460,619730,game,Mad Driver,27-Aug-17,0.0
432,461,344760,game,Reign Of Kings,15-Dec-15,0.0
433,462,371660,game,Far Cry Primal,29-Feb-16,0.0
434,463,203140,game,Hitman: Absolution,19-Nov-12,0.0
435,464,562730,game,MechDefender,21-Mar-17,0.0
437,466,571740,game,Golf It!,17-Feb-17,0.0
438,467,619330,game,Duck Hunting,7-Apr-17,0.0
441,471,554620,game,Life is Strange: Before the Storm,31-Aug-17,0.0
442,472,526290,game,MY FIGHT,22-May-18,0.0
444,474,274190,game,Broforce,15-Oct-15,0.0
446,476,9420,game,Supreme Commander: Forged Alliance,28-Sep-11,0.0
447,477,636480,game,Ravenfield,18-May-17,0.0
448,478,268400,game,Panzer Corps,12-Mar-14,0.0
449,479,110800,game,L.A. Noire,8-Nov-11,0.0
450,480,412290,game,The Dreamlord,13-Dec-16,0.0
451,481,221040,game,Resident Evil 6 / Biohazard 6,21-Mar-13,0.0
452,482,48720,game,Mount & Blade: With Fire and Sword,3-May-11,0.0
453,483,414070,game,Shut Up And Dig,9-Nov-15,0.0
454,484,232890,game,Stronghold Crusader 2,22-Sep-14,0.0
455,485,39140,game,FINAL FANTASY VII,4-Jul-13,0.0
457,487,388080,game,Borderless Gaming,23-Jul-15,0.0
458,488,22320,game,The Elder Scrolls III: Morrowind,16-Jun-09,0.0
459,489,647830,game,LEGOÂ® MARVEL Super Heroes 2,14-Nov-17,0.0
460,490,421020,game,DiRT 4,8-Jun-17,0.0
461,491,3590,game,Plants vs. Zombies: Game of the Year,5-May-09,0.0
462,492,460920,game,Steep,2-Dec-16,0.0
464,494,463530,game,Empires of the Undergrowth,1-Dec-17,0.0
465,495,359870,game,FINAL FANTASY X/X-2 HD Remaster,12-May-16,0.0
466,496,420360,game,Spectrum,22-Sep-16,0.0
467,497,209000,game,BatmanÂ: Arkham Origins,24-Oct-13,0.0
469,499,223830,game,Xenonauts,16-Jun-14,0.0
470,500,322110,game,20XX,16-Aug-17,0.0
471,501,345350,game,LIGHTNING RETURNS: FINAL FANTASY XIII,10-Dec-15,0.0
472,502,323580,game,Jotun,29-Sep-15,0.0
473,503,280,game,Half-Life: Source,1-Jun-04,0.0
474,504,326410,game,Windward,12-May-15,0.0
475,505,17440,game,Spore: Creepy & Cute Parts Pack,19-Dec-08,0.0
476,506,253900,game,Knights and Merchants,14-Oct-13,0.0
477,507,533340,game,Captivity,19-Oct-16,0.0
478,508,271360,game,Industry Giant 2,14-Aug-15,0.0
479,509,551670,game,TWIN BROS,29-Nov-16,0.0
481,512,311340,game,METAL GEAR SOLID V: GROUND ZEROES,18-Dec-14,0.0
483,514,15210,game,Silent Hunter III,13-Jun-08,0.0
484,515,514900,game,Observer,15-Aug-17,0.0
485,517,319510,game,Five Nights at Freddy's,19-Aug-14,0.0
486,520,552620,game,ATOM RPG,19-Dec-18,0.0
487,521,1900,game,Earth 2160,1-Apr-06,0.0
488,522,286000,game,Tooth and Tail,12-Sep-17,0.0
489,523,466860,game,City of God I - Prison Empire,9-Jul-18,0.0
490,524,420440,game,Atlantic Fleet,25-Feb-16,0.0
491,526,650760,game,???????(Tale of Wuxia:The Pre-Sequel),14-Aug-17,0.0
492,527,491260,game,Take Thy Throne,5-Jul-16,0.0
493,528,513570,game,Wooden House,5-Sep-16,0.0
494,529,235900,game,RPG Maker XP,13-Dec-13,0.0
495,530,293760,game,Automation - The Car Company Tycoon Game,12-Mar-15,0.0
496,531,238430,game,Contagion,25-Oct-13,0.0
497,532,567780,game,Satellite Repairman,2-Feb-17,0.0
498,533,402220,game,Lift It,20-Jan-17,0.0
499,534,354920,game,Pester,21-Aug-15,0.0
500,535,397350,game,Lords of the Realm II,3-Dec-15,0.0
501,536,41500,game,Torchlight,27-Oct-09,0.0
502,538,566050,game,Zeus + Poseidon,15-Dec-16,0.0
503,539,375530,game,Football Tactics,1-Jun-18,0.0
504,540,473470,game,Purgatory,22-Jun-16,0.0
505,541,611790,game,House Party,30-Jun-17,0.0
506,542,333640,game,Caves of Qud,15-Jul-15,0.0
508,544,313010,game,Cities XXL,5-Feb-15,0.0
509,545,268870,game,Satellite Reign,27-Aug-15,0.0
510,546,288160,game,The Room,28-Jul-14,0.0
511,547,282560,game,RollerCoaster Tycoon World,16-Nov-16,0.0
512,548,467520,game,Power & Revolution,26-May-16,0.0
513,549,394870,game,Office Battle,2-Dec-15,0.0
515,551,554510,game,The Golf Club 2Â,27-Jun-17,0.0
516,552,292140,game,FINAL FANTASY XIII-2,11-Dec-14,0.0
517,553,466300,game,Planescape: Torment: Enhanced Edition,11-Apr-17,0.0
519,555,233980,game,Unepic,25-Jul-14,0.0
520,556,20540,game,Company of Heroes: Tales of Valor,8-Apr-09,0.0
523,560,561610,game,MotoGPÂ17,15-Jun-17,0.0
526,563,261470,game,Distant Worlds: Universe,23-May-14,0.0
527,565,280160,game,Aragami,4-Oct-16,0.0
528,566,7830,game,Men of War,6-May-09,0.0
529,567,215530,game,The Incredible Adventures of Van Helsing,22-May-13,0.0
530,568,319910,game,Trine 3: The Artifacts of Power,20-Aug-15,0.0
531,569,448070,game,Red Risk,4-Mar-16,0.0
532,570,533180,game,Campfire: One of Us Is the Killer,7-Dec-16,0.0
533,571,113020,game,Monaco,24-Apr-13,0.0
534,572,641780,game,The Drone Racing League Simulator,1-Nov-17,0.0
535,573,290790,game,Grey Goo,23-Jan-15,0.0
536,574,442780,game,STRAFE: Millennium Edition,9-May-17,0.0
538,576,24670,game,Trainz Simulator 12,8-Jun-11,0.0
539,577,21100,game,F.E.A.R. 3,21-Jun-11,0.0
540,578,575550,game,Hell Girls,12-Jan-17,0.0
541,579,599460,game,Weapon Shop Fantasy,27-Mar-17,0.0
542,580,391720,game,Layers of Fear,15-Feb-16,0.0
543,581,301910,game,Saints Row: Gat out of Hell,22-Jan-15,0.0
545,583,740260,game,Crimson Imprint plus -Nonexistent Christmas-,1-Dec-17,0.0
546,584,567250,game,Cat Goes Platform,17-Mar-17,0.0
547,585,382080,game,Action Alien,26-Jun-15,0.0
549,587,407000,game,Survival Is Not Enough,14-Jul-17,0.0
550,588,370540,game,Gary Grigsby's War in the East,9-Jul-15,0.0
551,590,364420,game,Roguelands,13-Jun-16,0.0
552,591,359310,game,Evoland 2,25-Aug-15,0.0
553,593,214340,game,Deponia,6-Aug-12,0.0
554,594,448470,game,Bacteria,23-Mar-16,0.0
556,596,455980,game,Judgment: Apocalypse Survival Simulation,3-May-18,0.0
557,597,232050,game,Eador. Masters of the Broken World,19-Apr-13,0.0
558,598,13520,game,Far Cry,1-Apr-08,0.0
559,599,261180,game,Lethal League,27-Aug-14,0.0
560,600,251290,game,The Legend of Heroes: Trails in the Sky SC,29-Oct-15,0.0
561,601,15120,game,Tom Clancy's Rainbow Six: Vegas 2,16-Apr-08,0.0
562,602,420530,game,OneShot,8-Dec-16,0.0
563,603,203630,game,Warlock - Master of the Arcane,8-May-12,0.0
566,606,268750,game,Magicite,9-Jun-14,0.0
567,607,487270,game,Go Mission: Space Travel,21-Jul-16,0.0
568,608,213850,game,Magic 2014,26-Jun-13,0.0
569,609,335670,game,LISA,15-Dec-14,0.0
570,610,9010,game,Return to Castle Wolfenstein,3-Aug-07,0.0
571,611,576130,game,State of Anarchy: Master of Mayhem,31-Mar-17,0.0
572,612,265210,game,Viscera Cleanup Detail: Santa's Rampage,13-Dec-13,0.0
573,613,263060,game,Blockstorm,21-May-15,0.0
575,615,307670,game,Hard West,18-Nov-15,0.0
578,618,3170,game,King's Bounty: Armored Princess,19-Nov-09,0.0
579,620,360830,game,Yooka-Laylee,11-Apr-17,0.0
580,621,13230,game,Unreal Tournament 2004,17-Mar-04,0.0
583,625,304530,game,Agents of Mayhem,15-Aug-17,0.0
584,626,252870,game,PULSAR: Lost Colony,15-Sep-15,0.0
586,628,660160,game,Field of Glory II,12-Oct-17,0.0
587,629,310470,game,Grand Ages: Medieval,25-Sep-15,0.0
589,631,249650,game,Blackguards,22-Jan-14,0.0
590,632,289930,game,TransOcean: The Shipping Company,23-Sep-14,0.0
591,634,337150,game,Sentinels of the Multiverse,22-Dec-14,0.0
594,637,296970,game,Renowned Explorers: International Society,2-Sep-15,0.0
595,638,412740,game,Audioshield,5-Apr-16,0.0
597,640,579950,game,Marvel's Guardians of the Galaxy: The Telltale Series,18-Apr-17,0.0
598,641,58610,game,Wargame: European Escalation,22-Feb-12,0.0
599,642,414740,game,RAID: World War II,26-Sep-17,0.0
600,643,228760,game,TrackManiaÂ² Canyon,27-Feb-13,0.0
601,644,538590,game,Sleeping Valley,8-Oct-16,0.0
604,647,61700,game,Might & Magic: Clash of Heroes,21-Sep-11,0.0
605,649,712840,game,King Exit,19-Oct-17,0.0
606,650,363360,game,Interstellar Rift,23-Jun-15,0.0
608,652,335620,game,Star Traders: Frontiers,31-Jul-18,0.0
609,653,368360,game,60 Seconds!,25-May-15,0.0
610,654,370730,game,NOBUNAGA'S AMBITION: Tenshouki WPK HD Version,11-Nov-15,0.0
611,655,570420,game,X Rebirth VR Edition,7-Dec-17,0.0
612,656,73010,game,Cities in Motion,22-Feb-11,0.0
613,657,204340,game,Serious Sam 2,31-Jan-12,0.0
614,658,393080,game,Call of Duty: Modern Warfare Remastered,27-Jul-17,0.0
615,661,523120,game,VEGAS Movie Studio 14 Platinum Steam Edition,14-Jul-17,0.0
616,662,382900,game,FINAL FANTASY VI,16-Dec-15,0.0
617,663,239120,game,FINAL FANTASY III,27-May-14,0.0
618,664,71250,game,Sonic Adventure DX,4-Mar-11,0.0
619,665,63910,game,King's Bounty: Crossworlds,17-Sep-10,0.0
620,666,513620,game,SkyTime,2-Dec-16,0.0
622,668,485980,game,Syrian Warfare,21-Feb-17,0.0
623,669,252110,game,Lovers in a Dangerous Spacetime,9-Sep-15,0.0
624,670,98800,game,Dungeons of Dredmor,13-Jul-11,0.0
625,671,505040,mod,FORTIFY,10-Aug-16,0.0
626,672,316790,game,Grim Fandango Remastered,26-Jan-15,0.0
627,673,555160,game,Pavlov VR,27-Feb-17,0.0
628,674,3720,game,Evil Genius,22-Jun-09,0.0
629,675,253430,game,CastleMiner Z,3-Feb-14,0.0
630,676,285010,game,Pixel Puzzles: UndeadZ,6-Jun-14,0.0
631,677,238750,game,Might & Magic X - Legacy,23-Jan-14,0.0
632,678,577230,game,Three Kingdoms: The Last Warlord,26-May-17,0.0
633,679,546400,game,Cavern Escape,20-Feb-17,0.0
634,680,293780,game,Crawl,11-Apr-17,0.0
635,681,321410,game,Command: Modern Air / Naval Operations WOTY,26-Sep-14,0.0
636,682,460120,game,Megadimension Neptunia VII,5-Jul-16,0.0
637,683,15320,game,IL-2 Sturmovik: 1946,13-Jun-08,0.0
638,684,506610,game,Five Nights at Freddy's: Sister Location,7-Oct-16,0.0
639,685,404680,game,Hob,26-Sep-17,0.0
640,686,353270,game,Hyperdimension Neptunia Re;Birth3 V Generation,30-Oct-15,0.0
641,687,436320,game,Raw Data,5-Oct-17,0.0
642,688,6800,game,Commandos: Behind Enemy Lines,15-Mar-07,0.0
643,689,745880,game,????? ? Hidden Star in Four Seasons.,17-Nov-17,0.0
645,691,551730,game,Toukiden 2,21-Mar-17,0.0
646,693,383180,game,Dead Island Riptide Definitive Edition,31-May-16,0.0
647,694,262940,game,Broken Sword 5 - the Serpent's Curse,4-Dec-13,0.0
648,695,503770,game,Elven Assassin,10-Sep-16,0.0
649,696,25000,game,Overgrowth,16-Oct-17,0.0
650,697,550340,game,Umineko: Golden Fantasia,8-Dec-17,0.0
651,698,6910,game,Deus Ex: Game of the Year Edition,29-Mar-07,0.0
653,701,485420,game,Wolf Simulator,16-Nov-16,0.0
654,702,327140,game,Tilt Brush,5-Apr-16,0.0
655,703,224760,game,FEZ,1-May-13,0.0
656,704,3480,game,Peggle Deluxe,6-Mar-07,0.0
657,705,315460,game,Dig or Die,10-Jul-18,0.0
658,706,224500,game,Gnomoria,23-Feb-16,0.0
659,707,233720,game,Surgeon Simulator,19-Apr-13,0.0
660,708,16450,game,F.E.A.R. 2: Project Origin,12-Feb-09,0.0
661,709,8000,game,Tomb Raider: Anniversary,5-Jun-07,0.0
662,710,50620,game,Darksiders,23-Sep-10,0.0
663,711,203680,game,F1 Race Stars,14-Nov-12,0.0
664,713,452570,game,Battle Chef Brigade,20-Nov-17,0.0
665,716,363090,game,NOBUNAGA'S AMBITION: Kakushin with Power Up Kit,25-Jun-15,0.0
666,717,580200,game,Yonder: The Cloud Catcher Chronicles,17-Jul-17,0.0
667,718,67370,game,The Darkness II,9-Feb-12,0.0
668,719,562810,game,Monopoly Plus,7-Sep-17,0.0
669,720,434030,game,Aerofly FS 2 Flight Simulator,20-Nov-17,0.0
672,723,263760,game,Turbo Dismount,21-May-14,0.0
673,724,404540,game,Nex Machina,20-Jun-17,0.0
674,725,583470,game,The End Is Nigh,12-Jul-17,0.0
676,727,15700,game,Oddworld: Abe's Oddysee,28-Aug-08,0.0
677,728,412050,game,HordeZ,29-Apr-16,0.0
678,729,703700,game,Our End of the World,2-Nov-17,0.0
679,730,10270,game,Disciples III: Reincarnation,14-Feb-14,0.0
680,731,388880,game,Oxenfree,14-Jan-16,0.0
682,733,528200,game,VEGAS Pro 14 Edit Steam Edition,30-Sep-16,0.0
683,734,219830,game,King Arthur's Gold,5-Nov-13,0.0
684,735,206440,game,To the Moon,7-Sep-12,0.0
685,736,248860,game,NEO Scavenger,15-Dec-14,0.0
686,737,65790,game,Arma: Cold War Assault,8-Aug-11,0.0
687,738,39190,game,Dungeon Siege,5-Apr-11,0.0
688,739,569860,game,Thimbleweed Park,30-Mar-17,0.0
689,740,12150,game,Max Payne 2: The Fall of Max Payne,6-Jan-11,0.0
690,741,25830,game,Knights of Honor,4-Feb-09,0.0
691,742,41000,game,Serious Sam HD: The First Encounter,24-Nov-09,0.0
693,744,311770,game,LEGOÂ® Pirates of the Caribbean The Video Game,6-Oct-14,0.0
694,745,468070,game,90 Minute Fever,12-Jul-16,0.0
695,746,269330,game,Chronology,12-May-14,0.0
697,748,577940,game,Killer Instinct,27-Sep-17,0.0
698,749,327860,game,Salt,6-Feb-18,0.0
699,750,340000,game,Headlander,25-Jul-16,0.0
701,752,22130,game,Hearts of Iron II: Complete,23-Jan-09,0.0
702,753,92800,game,SpaceChem,2-Mar-11,0.0
703,754,104900,game,ORION: Prelude,16-Apr-13,0.0
704,755,237850,game,Dreamfall Chapters,21-Jul-17,0.0
705,756,327090,game,Out of Reach,13-Jul-18,0.0
707,758,461880,game,Hyposphere,5-May-16,0.0
708,760,1200,game,Red Orchestra: Ostfront 41-45,14-Mar-06,0.0
709,761,368230,game,Kingdom: Classic,21-Oct-15,0.0
710,762,595420,game,Franchise Hockey Manager 4,6-Oct-17,0.0
711,763,21000,game,LEGO Batman: The Videogame,29-Sep-08,0.0
712,764,236090,game,Dust: An Elysian Tail,24-May-13,0.0
714,766,282400,game,SuperPower 2 Steam Edition,18-Apr-14,0.0
715,767,449800,game,Attack on Titan / A.O.T. Wings of Freedom,26-Aug-16,0.0
716,768,11450,game,Overlord,12-Nov-09,0.0
717,769,40700,game,Machinarium,16-Oct-09,0.0
718,770,517160,game,Richie's Plank Experience,18-Dec-17,0.0
719,771,521150,game,Another Brick in the Mall,3-Nov-16,0.0
720,772,24840,game,Medal of Honor: Airborne,6-Oct-09,0.0
721,773,580420,game,Tourists Kidnapped a Little Bear,20-Jan-17,0.0
722,775,625950,game,Pic Guesser,12-May-17,0.0
723,776,57730,dlc,Patrician IV: Rise of a Dynasty,11-Apr-11,0.0
724,777,384740,game,CAT Interstellar,6-Oct-17,0.0
725,778,425580,game,The Room Two,5-Jul-16,0.0
726,779,527100,game,Star Trek: Bridge Crew,30-May-17,0.0
727,780,205990,game,Warlock 2: the Exiled,10-Apr-14,0.0
728,781,298030,game,Total Annihilation,18-Dec-15,0.0
730,784,492130,game,"Bye-Bye, Wacky Planet",4-Nov-16,0.0
731,785,421050,game,Deponia Doomsday,1-Mar-16,0.0
732,786,312750,game,FINAL FANTASY IV,17-Sep-14,0.0
733,787,464060,game,RUINER,26-Sep-17,0.0
734,788,527270,game,Atelier Sophie: The Alchemist of the Mysterious Book,7-Feb-17,0.0
735,789,453090,game,Parkitect,29-Nov-18,0.0
736,790,435400,game,Hidden Folks,15-Feb-17,0.0
737,791,13210,game,Unreal Tournament 3: Black Edition,5-Mar-09,0.0
739,793,232010,game,Euro Truck Simulator,8-Mar-13,0.0
740,794,2810,game,X3: Reunion,21-Jul-06,0.0
742,796,454080,game,Burst,14-Mar-16,0.0
743,797,70400,game,Recettear: An Item Shop's Tale,10-Sep-10,0.0
744,798,33340,dlc,Dawn of Discovery - Venice,25-Feb-10,0.0
745,799,235800,game,Audiosurf 2,26-May-15,0.0
746,800,7760,game,X-COM: UFO Defense,4-Sep-08,0.0
747,801,243950,game,Divinity: Dragon Commander,6-Aug-13,0.0
748,802,239840,game,Dead State,4-Dec-14,0.0
749,803,308040,game,Back to Bed,6-Aug-14,0.0
750,804,629690,game,Vaporum,28-Sep-17,0.0
751,805,322520,game,Dynasty Warriors 8 - Empires,26-Feb-15,0.0
752,806,313780,game,Conarium,6-Jun-17,0.0
753,807,522470,game,The House of Da Vinci,24-Nov-17,0.0
754,808,228300,game,Remember Me,5-Jun-13,0.0
755,809,385730,game,WWE 2K16,10-Mar-16,0.0
756,810,235320,game,Original War,27-Jan-14,0.0
757,811,350110,game,TransOcean 2: Rivals,10-May-16,0.0
758,813,507300,game,Club Manager 2017,24-Mar-17,0.0
761,816,639790,game,DEEP SPACE WAIFU,31-May-17,0.0
762,817,32500,game,STAR WARSÂ: The Force UnleashedÂ II,1-Dec-10,0.0
763,818,345240,game,SHOGUN: Total WarÂ - Gold Edition,25-Jun-15,0.0
764,819,317820,game,Guild of Dungeoneering,14-Jul-15,0.0
766,822,311260,game,The Guild 3,26-Sep-17,0.0
767,824,504210,game,SHENZHEN I/O,17-Nov-16,0.0
768,825,682130,game,Discord Bot Maker,21-Aug-17,0.0
769,826,247020,game,"Cook, Serve, Delicious!",8-Oct-13,0.0
770,827,339340,game,Resident Evil 0 / biohazard 0 HD REMASTER,19-Jan-16,0.0
772,830,287260,game,Toybox Turbos,11-Nov-14,0.0
773,832,46500,game,Syberia,19-May-11,0.0
774,834,384190,game,ABZÃ,2-Aug-16,0.0
776,836,221540,game,Defense Grid 2,23-Sep-14,0.0
777,837,324510,game,Boundless,11-Sep-18,0.0
778,838,385380,game,Planet Centauri,3-Jun-16,0.0
779,839,57900,game,Duke Nukem Forever,9-Jun-11,0.0
780,840,467000,game,Insincere,12-May-16,0.0
781,841,448500,game,Little Walker,6-Apr-16,0.0
782,842,441550,game,STAR WARSÂ Rebellion,1-Mar-16,0.0
783,843,274900,game,Murder Miners,25-Jul-14,0.0
784,844,423230,game,Furi,5-Jul-16,0.0
785,845,256290,game,Child of Light,29-Apr-14,0.0
786,846,296470,game,Mount Your Friends,29-Jul-14,0.0
787,847,236150,game,Starpoint Gemini 2,26-Sep-14,0.0
788,848,343780,game,Cat Goes Fishing,19-Jan-15,0.0
789,849,2100,game,Dark Messiah of Might & Magic Single Player,25-Oct-06,0.0
790,851,8600,game,RACE 07,15-Oct-07,0.0
791,852,299460,game,Woodle Tree Adventures,2-Mar-16,0.0
792,853,70600,game,Worms Ultimate Mayhem,28-Sep-11,0.0
794,855,224480,game,Octodad: Dadliest Catch,30-Jan-14,0.0
795,856,216890,game,Blood Bowl: Chaos Edition,11-Oct-12,0.0
796,857,39200,game,Dungeon Siege 2,16-Aug-05,0.0
797,858,216260,game,Don Bradman Cricket 14,25-Jun-14,0.0
798,859,425220,game,ONE PIECE BURNING BLOOD,1-Sep-16,0.0
799,860,292910,game,Deponia: The Complete Journey,8-Jul-14,0.0
800,862,220740,game,Chaos on Deponia,6-Nov-12,0.0
801,863,244730,game,Divekick,20-Aug-13,0.0
803,865,362680,game,Fran Bow,27-Aug-15,0.0
804,866,328080,game,Rise to Ruins,27-Oct-14,0.0
805,867,370360,game,TIS-100,20-Jul-15,0.0
806,869,446020,game,Jalopy,28-Mar-18,0.0
807,870,314410,game,Rampage Knights,4-Sep-15,0.0
808,871,9340,game,Company of Heroes: Opposing Fronts,24-Sep-07,0.0
809,872,237870,game,Planet Explorers,8-Nov-16,0.0
810,873,301320,game,NoLimits 2 Roller Coaster Simulation,21-Aug-14,0.0
811,874,340050,game,Survivalist,30-Jan-15,0.0
812,875,448080,game,Fibbage XL,24-Mar-16,0.0
813,876,323220,game,Vagante,21-Feb-18,0.0
814,877,583010,game,VoiceAttack,18-Mar-17,0.0
815,878,2620,game,Call of Duty,13-Oct-06,0.0
816,879,252410,game,SteamWorld Dig,5-Dec-13,0.0
817,880,231160,game,The Swapper,30-May-13,0.0
818,881,32360,game,The Secret of Monkey Island: Special Edition,15-Jul-09,0.0
819,882,486780,game,Fruit Ninja VR,15-Dec-16,0.0
820,883,561600,game,MXGP3 - The Official Motocross Videogame,29-May-17,0.0
821,884,314790,game,Silence,15-Nov-16,0.0
822,885,474050,game,Candy Blast,30-Jun-16,0.0
823,886,362490,game,Exanima,29-Apr-15,0.0
824,887,368340,game,CrossCode,20-Sep-18,0.0
825,888,107200,game,Space Pirates and Zombies,15-Aug-11,0.0
826,889,394760,game,Dead Effect 2,6-May-16,0.0
827,890,254100,game,World War II: Panzer Claws,27-Sep-13,0.0
828,891,312520,game,Rain World,28-Mar-17,0.0
829,892,460810,game,Vanquish,25-May-17,0.0
830,893,593030,game,Strategic Command WWII: War in Europe,6-Jun-17,0.0
831,894,555220,game,Detention,12-Jan-17,0.0
832,895,130,game,Half-Life: Blue Shift,1-Jun-01,0.0
833,897,512770,game,IACTURA,25-Aug-16,0.0
834,898,424030,game,War of Rights,3-Dec-18,0.0
835,899,504880,game,Pixel Puzzles 2: RADical ROACH,12-Aug-16,0.0
836,900,407330,game,Sakura Dungeon,3-Jun-16,0.0
837,901,21090,game,F.E.A.R.,21-May-10,0.0
838,902,222440,game,THE KING OF FIGHTERS 2002 UNLIMITED MATCH,27-Feb-15,0.0
839,903,225080,game,Brothers - A Tale of Two Sons,3-Sep-13,0.0
840,904,591370,game,Production Line,7-Mar-19,0.0
841,905,570770,game,?????(GuJian2),7-Sep-17,0.0
842,906,639170,game,Minecraft: Story Mode - Season Two,11-Jul-17,0.0
843,908,221260,game,Little Inferno,19-Nov-12,0.0
844,909,12320,game,Sacred Gold,9-Jul-08,0.0
845,910,527290,game,Atelier Firis: The Alchemist and the Mysterious Journey,7-Mar-17,0.0
846,912,407190,game,Club Manager 2016,19-Nov-15,0.0
847,915,385800,game,NEKOPARA Vol. 0,17-Aug-15,0.0
848,916,202200,game,Galactic Civilizations II: Ultimate Edition,2-Dec-11,0.0
849,917,300570,game,Infinifactory,30-Jun-15,0.0
850,918,718650,game,Driftland: The Magic Revival,29-Nov-17,0.0
852,924,57640,game,Broken Sword 1 - Shadow of the Templars: Director's Cut,2-Sep-10,0.0
853,925,618970,game,Outcast - Second Contact,14-Nov-17,0.0
854,926,429280,game,Gems of the Aztecs,22-Apr-16,0.0
856,928,477980,game,Overhell,28-May-16,0.0
857,929,45770,game,Dead Rising 2: Off the Record,11-Oct-11,0.0
859,931,405640,game,Pony Island,4-Jan-16,0.0
860,932,665180,game,Dark Elf,3-Aug-17,0.0
861,933,494670,game,TransRoad: USA,9-Nov-17,0.0
863,935,303720,game,#killallzombies,10-Aug-16,0.0
864,936,265610,game,Epic Battle Fantasy 4,25-Feb-14,0.0
865,938,497180,game,Street Legal Racing: Redline v2.3.1,5-Aug-16,0.0
866,939,95400,game,ibb & obb,26-May-14,0.0
867,940,2800,game,X2: The Threat,21-Jul-06,0.0
868,941,735280,game,EMERGENCY 20,31-Oct-17,0.0
869,942,338170,game,Ratz Instagib 2.0,27-Jul-16,0.0
870,943,314520,game,Euro Fishing,2-Nov-15,0.0
871,944,368590,game,Albert and Otto: The Adventure Begins,28-Oct-15,0.0
872,945,356570,game,Party Hard,25-Aug-15,0.0
874,947,357190,game,Ultimate Marvel vs. Capcom 3,6-Mar-17,0.0
875,948,239250,game,Castlevania: Lords of Shadow 2,25-Feb-14,0.0
877,952,581630,game,Sword With Sauce: Alpha,20-Mar-18,0.0
879,955,475190,game,Scanner Sombre,26-Apr-17,0.0
881,957,418250,game,Polaris Sector,22-Mar-16,0.0
882,958,241260,game,Sherlock Holmes: Crimes and Punishments,29-Sep-14,0.0
883,959,24870,game,Need for Speed: SHIFT,6-Oct-09,0.0
884,961,513510,game,Intralism,4-Nov-16,0.0
885,962,351710,game,Hyperdimension Neptunia Re;Birth2 Sisters Generation,29-May-15,0.0
887,964,357780,game,Defend Your Life,10-Apr-15,0.0
889,966,607880,game,Accel World VS. Sword Art Online Deluxe Edition,12-Sep-17,0.0
890,967,8140,game,Tomb Raider: Underworld,21-Nov-08,0.0
891,968,251110,game,INFRA,15-Jan-16,0.0
892,969,444490,game,POLYWAR,30-Dec-16,0.0
893,970,528510,game,Turbo Pug 3D,20-Sep-16,0.0
894,971,485950,game,Rise of the Ancients,31-May-16,0.0
895,972,347560,game,Terra Incognita ~ Chapter One: The Descendant,3-Feb-15,0.0
896,973,506670,game,ORBITAL,27-Jul-16,0.0
897,974,485830,game,Star Merc,10-Feb-17,0.0
898,975,465760,game,Scrap Garden,6-May-16,0.0
899,977,7510,game,X-Blades,30-Apr-09,0.0
900,978,475220,game,Kabitis,2-Jun-16,0.0
901,979,222730,game,Reus,16-May-13,0.0
902,980,249590,game,Teslagrad,13-Dec-13,0.0
904,982,208520,game,Omerta - City of Gangsters,31-Jan-13,0.0
905,983,552920,game,Sailaway - The Sailing Simulator,27-Feb-18,0.0
906,984,278890,game,Angvik,24-Feb-14,0.0
907,985,344880,game,In Exilium,13-Mar-15,0.0
908,986,546200,game,Gnomes Garden 3: The thief of castles,22-Dec-16,0.0
909,988,333300,game,ADOM (Ancient Domains Of Mystery),16-Nov-15,0.0
910,989,614910,game,#monstercakes,5-May-17,0.0
911,990,464850,game,Don Bradman Cricket 17,16-Jan-17,0.0
913,992,443940,game,Unknown Battle,14-Mar-16,0.0
914,993,639780,game,DEEP SPACE WAIFU: FLAT JUSTICE,7-Dec-17,0.0
915,994,424370,game,Wolcen: Lords of Mayhem,24-Mar-16,0.0
916,995,561340,game,Merlin adventurer store,2-Dec-16,0.0
917,997,233290,game,MURDERED: SOUL SUSPECTÂ,4-Jun-14,0.0
918,998,314660,game,Oddworld: New 'n' Tasty,25-Feb-15,0.0
919,999,619520,game,Destruction 48,10-Jun-17,0.0
921,1001,623550,game,Timen runner,26-May-17,0.0
923,1003,410900,game,Forts,19-Apr-17,0.0
924,1004,40390,game,Risen 2 - Dark Waters,26-Apr-12,0.0
925,1005,483770,game,Autobahn Police Simulator 2,7-Dec-17,0.0
928,1008,467120,game,Rising Runner,10-Jun-16,0.0
929,1009,527230,game,For The King,19-Apr-18,0.0
930,1010,254200,game,FortressCraft Evolved,9-Nov-15,0.0
931,1011,418030,game,Subsistence,25-Oct-16,0.0
932,1012,504050,game,Planet Nomads,25-May-17,0.0
933,1013,217200,game,Worms Armageddon,19-Mar-13,0.0
934,1014,313340,game,Mountain,18-Aug-14,0.0
936,1016,496680,game,SweatShop,22-Jul-16,0.0
937,1017,546660,game,Operation BreakoutÂ®,28-Oct-16,0.0
938,1018,338530,game,Trouble In The Manor,17-Nov-15,0.0
939,1019,563120,game,Desolate Wastes: Vendor Chronicles,21-Jul-17,0.0
940,1021,414290,game,Princess.Loot.Pixel.Again,15-Apr-16,0.0
941,1023,71340,game,Sonic Generations,3-Nov-11,0.0
942,1024,635200,game,Distrust,23-Aug-17,0.0
943,1025,40800,game,Super Meat Boy,30-Nov-10,0.0
944,1026,445310,game,Might & Magic Heroes VII Â Trial by Fire,4-Aug-16,0.0
945,1027,463220,game,Dungeon of Zolthan,11-May-16,0.0
946,1028,293180,game,Overcast - Walden and the Werewolf,18-Apr-14,0.0
947,1029,382110,game,Virtual Desktop,31-Mar-16,0.0
948,1031,331790,game,Data Hacker: Reboot,17-Apr-15,0.0
950,1033,410340,game,Liftoff,13-Sep-18,0.0
951,1034,606800,game,Startup Company,11-Aug-17,0.0
952,1035,7520,game,Two Worlds II,3-Feb-11,0.0
953,1036,285160,game,LEGOÂ® The HobbitÂ,10-Apr-14,0.0
954,1037,262150,game,Vanguard Princess,3-Mar-14,0.0
955,1038,265550,game,Dead Rising 3,5-Sep-14,0.0
956,1039,581030,game,The Last Hope Trump vs Mafia,20-Jan-17,0.0
957,1040,438030,game,Dead6hot,1-Feb-16,0.0
958,1041,47780,game,Dead Space 2,27-Jan-11,0.0
959,1042,428630,game,White Mirror,26-Jan-16,0.0
960,1043,465240,game,Serious Sam VR: The Last Hope,20-Sep-17,0.0
961,1044,464340,game,Syberia 3,13-Nov-17,0.0
962,1045,440650,game,Niche - a genetics survival game,21-Sep-17,0.0
963,1046,616560,game,Ultimate Epic Battle Simulator,1-Jun-17,0.0
964,1047,242700,game,Injustice: Gods Among Us Ultimate Edition,29-Nov-13,0.0
965,1048,469730,game,Super Mega Neo Pug,11-May-16,0.0
966,1050,302510,game,Ryse: Son of Rome,10-Oct-14,0.0
968,1052,356500,game,STAR WARSÂ Galactic Battlegrounds Saga,1-Mar-16,0.0
970,1055,434570,game,Blood and Bacon,1-Feb-16,0.0
971,1056,507390,game,Gone In November,18-Aug-16,0.0
972,1057,585900,game,Harvest Moon: Light of Hope,14-Nov-17,0.0
973,1058,218680,game,Scribblenauts Unlimited,19-Nov-12,0.0
974,1059,377530,game,?????(Tale of Wuxia),28-Apr-16,0.0
975,1060,35700,game,Trine,2-Jul-09,0.0
976,1061,575840,game,NeverEnd,16-Feb-17,0.0
977,1062,3990,game,Sid Meier's Civilization IV: Warlords,6-Apr-07,0.0
978,1063,266510,game,Hand of Fate,17-Feb-15,0.0
980,1065,214170,game,Divine Divinity,5-Jul-12,0.0
981,1066,400740,game,VERGE:Lost chapter,1-Oct-15,0.0
983,1068,452060,game,Caveblazers,24-May-17,0.0
985,1070,471010,game,Seven: The Days Long Gone,1-Dec-17,0.0
986,1071,265300,game,Lords Of The Fallen,28-Oct-14,0.0
987,1072,640590,game,The LEGOÂ® NINJAGOÂ® Movie Video Game,22-Sep-17,0.0
988,1073,17470,game,Dead Space,9-Jan-09,0.0
989,1074,448280,game,Job Simulator,5-Apr-16,0.0
992,1077,261030,game,The Walking Dead: Season Two,17-Dec-13,0.0
995,1081,554530,game,CRACKHEAD,10-Nov-16,0.0
997,1083,419480,game,Starpoint Gemini Warlords,23-May-17,0.0
998,1084,598330,game,SimAirport,6-Mar-17,0.0
999,1085,564530,game,Pharaoh + Cleopatra,15-Dec-16,0.0
1000,1086,571260,game,THE KING OF FIGHTERS XIV STEAM EDITION,15-Jun-17,0.0
1002,1088,289520,game,King's Bounty: Dark Side,19-Aug-14,0.0
1003,1089,495780,game,Hexoscope,10-Aug-16,0.0
1004,1090,3920,game,Sid Meier's Pirates!,11-Jul-05,0.0
1005,1092,525300,game,Starship Annihilator,2-Sep-16,0.0
1006,1093,367670,game,Controller Companion,4-May-15,0.0
1007,1094,15100,game,Assassin's Creed,9-Apr-08,0.0
1010,1098,4850,game,Cossacks: Back to War,2-Sep-10,0.0
1011,1099,462770,game,Pyre,25-Jul-17,0.0
1012,1100,717790,game,Hold Your Own,30-Nov-17,0.0
1013,1101,412830,game,STEINS;GATE,8-Sep-16,0.0
1014,1102,209080,game,Guns of Icarus Online,29-Oct-12,0.0
1015,1103,200170,game,Worms Revolution,10-Oct-12,0.0
1017,1105,343360,game,Particula,2-Feb-15,0.0
1018,1106,596690,game,REVENGE: First Blood,24-Feb-17,0.0
1019,1107,535230,game,Domina,3-Apr-17,0.0
1020,1108,383870,game,Firewatch,9-Feb-16,0.0
1021,1109,363680,game,Battlefleet Gothic: Armada,21-Apr-16,0.0
1022,1110,284950,game,Pixel Puzzles: Japan,17-Apr-14,0.0
1024,1112,267530,game,The LEGOÂ® Movie - Videogame,17-Apr-14,0.0
1026,1114,228380,game,Next Car Game: Wreckfest,14-Jun-18,0.0
1029,1117,252610,game,Death Road to Canada,21-Jul-16,0.0
1031,1119,337320,game,Paint the Town Red,13-Oct-15,0.0
1032,1120,266410,game,iRacing,12-Jan-15,0.0
1034,1122,493730,game,HardCube,30-Jun-16,0.0
1035,1123,565860,game,Tomato Way,7-Dec-16,0.0
1036,1124,34460,game,Sid Meier's Civilization IV: Beyond the Sword,24-Jul-07,0.0
1037,1125,248170,game,Clickteam Fusion 2.5,5-Dec-13,0.0
1038,1126,225640,game,Sacred 2 Gold,21-Dec-12,0.0
1039,1127,108800,game,Crysis 2 Maximum Edition,22-Mar-11,0.0
1040,1128,447530,game,VA-11 Hall-A: Cyberpunk Bartender Action,21-Jun-16,0.0
1041,1129,536220,game,The Walking Dead: A New Frontier,20-Dec-16,0.0
1042,1130,329000,game,Data Hacker: Corruption,22-Oct-14,0.0
1044,1132,509110,game,Spikit,9-Aug-16,0.0
1045,1133,405900,game,Disgaea PC,24-Feb-16,0.0
1046,1134,213610,game,Sonic AdventureÂ 2,19-Nov-12,0.0
1047,1135,617830,game,SUPERHOT VR,25-May-17,0.0
1048,1136,510510,game,WWE 2K17,6-Feb-17,0.0
1049,1137,323850,game,Move or Die,21-Jan-16,0.0
1050,1138,511680,game,Fate/EXTELLA,25-Jul-17,0.0
1052,1142,329050,game,Devil May CryÂ® 4 Special Edition,23-Jun-15,0.0
1053,1143,667600,game,Sky Force Reloaded,29-Nov-17,0.0
1055,1145,226580,game,F1 2014,16-Oct-14,0.0
1056,1147,251150,game,The Legend of Heroes: Trails in the Sky,29-Jul-14,0.0
1057,1148,287980,game,Mini Metro,6-Nov-15,0.0
1058,1149,281640,game,The Banner Saga 2,19-Apr-16,0.0
1059,1150,597220,game,West of Loathing,10-Aug-17,0.0
1060,1151,665360,game,Comedy Night,24-Aug-17,0.0
1061,1152,274520,game,Darkwood,17-Aug-17,0.0
1062,1153,507490,game,Ashes of the Singularity: Escalation,10-Nov-16,0.0
1063,1154,24240,game,PAYDAY: The Heist,20-Oct-11,0.0
1064,1156,282900,game,Hyperdimension Neptunia Re;Birth1,29-Jan-15,0.0
1065,1157,524580,game,Fairy Fencer F Advent Dark Force,14-Feb-17,0.0
1066,1158,553640,game,ICEY,17-Nov-16,0.0
1067,1159,356040,game,Sheltered,15-Mar-16,0.0
1068,1160,7600,game,Sid Meier's Railroads!,4-May-07,0.0
1069,1161,410110,game,12 is Better Than 6,20-Nov-15,0.0
1070,1163,654880,game,Dream Daddy: A Dad Dating Simulator,20-Jul-17,0.0
1071,1164,474750,game,Reigns,11-Aug-16,0.0
1074,1167,285330,game,RollerCoaster Tycoon 2: Triple Thrill Pack,21-May-14,0.0
1075,1168,471550,game,Nine Parchments,5-Dec-17,0.0
1077,1171,40990,game,Mafia,28-Aug-02,0.0
1078,1172,375010,game,Energy Balance,2-Jul-15,0.0
1079,1173,258010,game,Ring Runner: Flight of the Sages,19-Nov-13,0.0
1080,1174,108710,game,Alan Wake,16-Feb-12,0.0
1081,1175,602940,game,The Quest for Achievements,7-Apr-17,0.0
1082,1176,581670,game,The Astral Hero,5-May-17,0.0
1083,1177,257850,game,Hyper Light Drifter,31-Mar-16,0.0
1085,1179,526160,game,The Wild Eight,8-Feb-17,0.0
1086,1180,48000,game,LIMBO,2-Aug-11,0.0
1088,1182,341000,game,Mad Games Tycoon,13-Sep-16,0.0
1089,1183,351510,game,Quiplash,30-Jun-15,0.0
1090,1184,459220,game,Halo Wars: Definitive Edition,20-Apr-17,0.0
1091,1185,315660,game,Trainz: A New Era,14-May-15,0.0
1092,1186,467370,game,Escape This,4-May-16,0.0
1093,1187,4560,game,Company of Heroes - Legacy Edition,17-Jul-07,0.0
1095,1189,10680,game,Aliens vs. Predator,16-Feb-10,0.0
1097,1191,25900,game,King's Bounty: The Legend,1-May-09,0.0
1098,1192,372360,game,Tales of Symphonia,1-Feb-16,0.0
1099,1193,467960,game,Home Behind,2-Jun-16,0.0
1100,1194,597170,game,Clone Drone in the Danger Zone,16-Mar-17,0.0
1101,1195,292990,game,Nobunaga's Ambition: Souzou,Aug-14,0.0
1103,1197,425160,game,Recursion Deluxe,12-Feb-16,0.0
1105,1199,250320,game,The Wolf Among Us,11-Oct-13,0.0
1107,1201,281610,game,Homeworld: Deserts of Kharak,20-Jan-16,0.0
1108,1202,214510,game,LEGOÂ® The Lord of the RingsÂ,27-Nov-12,0.0
1109,1203,562430,game,Alien Hostage,1-Oct-18,0.0
1110,1204,257170,game,Rebuild 3: Gangs of Deadsville,29-May-15,0.0
1111,1205,243970,game,"Invisible, Inc.",12-May-15,0.0
1112,1206,304430,game,INSIDE,7-Jul-16,0.0
1113,1207,282140,game,SOMA,21-Sep-15,0.0
1115,1209,433530,game,Heliborne,12-Oct-17,0.0
1117,1211,443810,game,This Is the Police,2-Aug-16,0.0
1118,1212,501300,game,What Remains of Edith Finch,24-Apr-17,0.0
1119,1213,593280,game,Cat Quest,8-Aug-17,0.0
1120,1214,399000,game,Porradaria Upgrade,30-Sep-15,0.0
1121,1216,330830,game,Tales from the Borderlands,25-Nov-14,0.0
1122,1217,402430,game,Out of the Park Baseball 17,22-Mar-16,0.0
1124,1219,204030,game,Fable - The Lost Chapters,19-Dec-11,0.0
1125,1220,357900,game,Make it indie!,1-Apr-15,0.0
1126,1221,251730,game,Legend of Grimrock 2,15-Oct-14,0.0
1127,1222,503560,game,911 Operator,24-Feb-17,0.0
1129,1224,342310,game,RIOT - Civil Unrest,12-Feb-19,0.0
1130,1225,25800,game,Europa Universalis III,4-Feb-09,0.0
1131,1226,208200,game,DOOM 3: BFG Edition,17-Oct-12,0.0
1132,1227,683900,game,RollerCoaster Tycoon Classic,28-Sep-17,0.0
1134,1229,252470,game,Space Pirates and Zombies 2,7-Nov-17,0.0
1135,1230,423580,game,Project Highrise,8-Sep-16,0.0
1136,1231,238370,game,Magicka 2,26-May-15,0.0
1137,1232,424840,game,Little Nightmares,27-Apr-17,0.0
1138,1233,115320,game,PROTOTYPE 2,23-Jul-12,0.0
1139,1234,259680,game,Tales of Maj'Eyal,12-Dec-13,0.0
1140,1235,237990,game,The Banner Saga,14-Jan-14,0.0
1141,1236,659460,game,RiotZ,6-Jul-17,0.0
1142,1237,410980,game,Master of Orion 2,25-Feb-16,0.0
1144,1239,327070,game,Gloria Victis,9-Jun-16,0.0
1145,1240,17300,game,Crysis,17-Sep-08,0.0
1146,1241,207170,game,Legend of Grimrock,11-Apr-12,0.0
1147,1242,564230,game,Fire Pro Wrestling World,18-Dec-17,0.0
1148,1243,748370,game,STAND OUT,8-Dec-17,0.0
1149,1244,3330,game,Zuma Deluxe,30-Aug-06,0.0
1150,1245,258970,game,GauntletÂ,23-Sep-14,0.0
1151,1246,32430,game,STAR WARSÂ: The Force UnleashedÂ Ultimate Sith Edition,15-Dec-09,0.0
1153,1248,592260,game,Dungeon Painter Studio,26-Feb-17,0.0
1154,1249,19900,game,Far Cry 2,22-Oct-08,0.0
1157,1252,386620,game,"Cook, Serve, Delicious! 2!!",13-Sep-17,0.0
1158,1253,597840,game,Live Wallpaper Master,7-Dec-17,0.0
1159,1254,345260,game,MEDIEVAL: Total WarÂ - Gold Edition,25-Jun-15,0.0
1160,1255,507400,game,Vindictive Drive,15-May-17,0.0
1161,1256,610670,game,Alchemyland,2-Aug-17,0.0
1162,1257,539440,game,Citalis,3-Nov-16,0.0
1163,1258,235460,game,METAL GEAR RISING: REVENGEANCE,9-Jan-14,0.0
1164,1259,398850,game,Epistory - Typing Chronicles,30-Mar-16,0.0
1165,1260,376870,game,Minecraft: Story Mode - A Telltale Games Series,13-Oct-15,0.0
1169,1264,250760,game,Shovel Knight: Treasure Trove,26-Jun-14,0.0
1170,1265,314980,game,Supreme Ruler Ultimate,17-Oct-14,0.0
1171,1266,12200,game,Bully: Scholarship Edition,23-Dec-10,0.0
1174,1269,303390,game,Dead Bits,7-Jun-14,0.0
1175,1270,463100,game,Liveza: Death of the Earth,3-May-16,0.0
1176,1271,406290,game,Twilight Struggle,13-Apr-16,0.0
1177,1272,107100,game,Bastion,16-Aug-11,0.0
1178,1273,322190,game,SteamWorld Heist,7-Jun-16,0.0
1179,1274,400910,game,Rabi-Ribi,28-Jan-16,0.0
1180,1275,222480,game,Resident Evil Revelations / Biohazard Revelations,22-May-13,0.0
1181,1276,240760,game,Wasteland 2,18-Sep-14,0.0
1185,1280,2600,game,Vampire: The Masquerade - Bloodlines,22-Mar-07,0.0
1187,1282,224900,game,Iron Sky Invasion,13-Dec-12,0.0
1188,1283,269470,game,MorphVOX Pro - Voice Changer,13-Feb-14,0.0
1189,1284,475550,game,Beholder,9-Nov-16,0.0
1190,1285,345180,game,Victor Vran,24-Jul-15,0.0
1191,1286,619340,game,Conjuntalia,27-Jul-17,0.0
1192,1288,259060,game,Dominions 4,5-Dec-13,0.0
1193,1289,582550,game,Passpartout: The Starving Artist,6-Jun-17,0.0
1194,1290,245470,game,Democracy 3,14-Oct-13,0.0
1195,1291,502370,game,"Warhammer 40,000: Sanctus Reach",19-Jan-17,0.0
1196,1292,222750,game,Wargame: AirLand Battle,29-May-13,0.0
1198,1295,495280,game,Disgaea 2 PC,30-Jan-17,0.0
1201,1298,304240,game,Resident Evil / biohazard HD REMASTER,19-Jan-15,0.0
1202,1299,453980,game,Airstrike HD,23-Mar-16,0.0
1203,1300,215930,game,Jagged Alliance 2 - Wildfire,16-Nov-12,0.0
1204,1301,18500,game,Defense Grid: The Awakening,8-Dec-08,0.0
1206,1303,306760,game,Obduction,24-Aug-16,0.0
1207,1304,6860,game,Hitman: Blood Money,15-Mar-07,0.0
1209,1306,632300,game,Hobo: Tough Life,25-Jul-17,0.0
1210,1307,423710,game,Invasion: Brain Craving,22-Jun-16,0.0
1211,1308,322780,game,Worlds Adrift,24-May-17,0.0
1213,1310,484900,game,Aven Colony,25-Jul-17,0.0
1215,1312,7200,game,TrackMania United,16-Apr-08,0.0
1216,1313,437920,game,Tricky Towers,2-Aug-16,0.0
1217,1314,318020,game,Act of Aggression,2-Sep-15,0.0
1218,1315,620130,game,Chaos Town,29-May-17,0.0
1219,1316,464350,game,Screeps,16-Nov-16,0.0
1220,1317,17430,game,Need for Speed: Undercover,19-Dec-08,0.0
1222,1319,509240,game,Lethal Brutal Racing,5-Aug-16,0.0
1223,1320,502800,game,SENRAN KAGURA ESTIVAL VERSUS,17-Mar-17,0.0
1225,1322,621830,game,WRC 7,15-Sep-17,0.0
1226,1323,250340,game,Blockland,16-Dec-13,0.0
1228,1325,220260,game,Farming Simulator 2013,9-Oct-13,0.0
1229,1326,468920,game,Ultimate Fishing Simulator,30-Aug-18,0.0
1230,1327,233840,game,Worms Clan Wars,15-Aug-13,0.0
1231,1328,633880,game,Lone Warrior,16-Sep-17,0.0
1232,1329,221910,game,The Stanley Parable,17-Oct-13,0.0
1236,1333,248610,game,Door Kickers,20-Oct-14,0.0
1237,1334,40980,game,Stronghold Legends,15-Sep-16,0.0
1238,1335,235380,game,Blitzkrieg 3,2-Jun-17,0.0
1241,1338,598960,game,Mashinky,6-Oct-18,0.0
1242,1339,533150,game,Super LOH,7-Dec-16,0.0
1243,1340,400170,game,The Incredible Adventures of Van Helsing: Final Cut,6-Nov-15,0.0
1244,1341,427730,game,Who's Your Daddy,13-May-16,0.0
1245,1342,204450,game,Call of Juarez Gunslinger,22-May-13,0.0
1246,1343,543460,game,Dead Rising 4,14-Mar-17,0.0
1247,1344,542340,game,Slingshot people,21-Oct-16,0.0
1249,1346,365450,game,Hacknet,12-Aug-15,0.0
1250,1347,55140,game,MX vs. ATV Reflex,26-Nov-10,0.0
1251,1348,741260,game,Mobile Empire,25-Jan-18,0.0
1253,1350,383800,game,Close Order,21-Jan-16,0.0
1254,1351,344230,game,Pixel Puzzles 2: Birds,20-Feb-15,0.0
1255,1352,426000,game,HunieCam Studio,4-Apr-16,0.0
1256,1353,57300,game,Amnesia: The Dark Descent,8-Sep-10,0.0
1257,1354,250400,game,How to Survive,29-Aug-14,0.0
1258,1355,457730,game,Mushroom Wars 2,6-Oct-17,0.0
1259,1356,547960,game,Space Beret,25-Oct-16,0.0
1260,1357,385070,game,Atonement: Scourge of Time,16-Jul-15,0.0
1261,1358,552590,game,The Sexy Brutale,11-Apr-17,0.0
1262,1359,234670,game,NARUTO SHIPPUDEN: Ultimate Ninja STORM 3 Full Burst,24-Oct-13,0.0
1263,1360,205610,game,Port Royale 3,4-May-12,0.0
1264,1361,1930,game,Two Worlds: Epic Edition,30-Apr-09,0.0
1265,1362,491650,game,Reset 1-1,30-Aug-16,0.0
1266,1363,304410,game,Hexcells Infinite,1-Sep-14,0.0
1267,1364,34440,game,Sid Meier's Civilization IV,25-Oct-06,0.0
1268,1365,361280,game,Turmoil,2-Jun-16,0.0
1269,1366,571310,game,SteamWorld Dig 2,22-Sep-17,0.0
1270,1367,449680,game,SAMOLIOTIK,25-Mar-16,0.0
1271,1370,218640,game,Lucius,26-Oct-12,0.0
1273,1372,206190,game,Gunpoint,3-Jun-13,0.0
1274,1373,579230,game,Alpacapaca Dash,23-Jan-17,0.0
1275,1374,458710,game,Kingdom Rush Frontiers,25-Jul-16,0.0
1276,1375,291860,game,Pit People,2-Mar-18,0.0
1277,1376,345090,game,Ancient Planet,3-Feb-15,0.0
1278,1377,414700,game,Outlast 2,24-Apr-17,0.0
1279,1378,100,game,Counter-Strike: Condition Zero Deleted Scenes,1-Mar-04,0.0
1280,1379,622920,game,P-Walker's Simulation,24-May-17,0.0
1281,1380,650000,game,DOOM VFR,30-Nov-17,0.0
1282,1381,377310,game,The Tower Of Elements,5-Aug-15,0.0
1283,1382,6000,game,STAR WARSÂ Republic Commando,8-Jul-09,0.0
1284,1383,4570,game,"Warhammer 40,000: Dawn of War - Game of the Year Edition",7-Aug-07,0.0
1285,1384,735570,game,Project Rhombus,7-Dec-17,0.0
1286,1385,264200,game,One Finger Death Punch,3-Mar-14,0.0
1287,1386,498240,game,Batman - The Telltale Series,2-Aug-16,0.0
1288,1387,9350,game,Supreme Commander,28-Sep-11,0.0
1289,1388,204120,game,LEGO Harry Potter: Years 5-7,5-Jan-12,0.0
1290,1389,225420,game,Cities in Motion 2,2-Apr-13,0.0
1291,1390,329130,game,Reassembly,19-Feb-15,0.0
1292,1391,732430,game,Superflight,8-Nov-17,0.0
1294,1393,602520,game,NEKOPARA Vol. 3,25-May-17,0.0
1296,1395,418650,game,Space Pirate Trainer,12-Oct-17,0.0
1297,1396,406150,game,Refunct,16-Oct-15,0.0
1298,1397,32510,game,LEGOÂ® Star WarsÂ III: The Clone WarsÂ,22-Mar-11,0.0
1299,1398,57740,game,Jagged Alliance - Back in Action,8-Feb-12,0.0
1302,1401,246420,game,Kingdom Rush,6-Jan-14,0.0
1303,1402,20570,game,"Warhammer 40,000: Dawn of War II - Chaos Rising",10-Mar-10,0.0
1306,1406,431180,game,WolfQuest,25-Mar-16,0.0
1307,1407,675260,game,Batman: The Enemy Within - The Telltale Series,8-Aug-17,0.0
1308,1409,286570,game,F1 2015,9-Jul-15,0.0
1309,1410,404590,game,Vikings - Wolves of Midgard,24-Mar-17,0.0
1310,1411,581100,game,Langoth,27-Feb-17,0.0
1311,1412,397950,game,Clustertruck,27-Sep-16,0.0
1314,1415,394310,game,Punch Club,8-Jan-16,0.0
1316,1417,65540,game,Gothic,15-Mar-01,0.0
1317,1418,324270,game,Revenge: Rhobar's myth,8-Sep-15,0.0
1318,1419,423770,game,Our Love Will Grow,4-Dec-15,0.0
1319,1420,250520,game,Underrail,18-Dec-15,0.0
1320,1421,330840,game,Game of Thrones - A Telltale Games Series,2-Dec-14,0.0
1321,1422,17410,game,Mirror's Edge,14-Jan-09,0.0
1322,1423,570780,game,????(GuJian),7-Sep-17,0.0
1323,1424,20,game,Team Fortress Classic,1-Apr-99,0.0
1324,1425,585410,game,GameMaker Studio 2 Desktop,8-Mar-17,0.0
1325,1427,237930,game,Transistor,20-May-14,0.0
1326,1428,50,game,Half-Life: Opposing Force,1-Nov-99,0.0
1327,1429,527430,game,"Warhammer 40,000: Inquisitor - Martyr",5-Jun-18,0.0
1328,1430,442070,game,Drawful 2,20-Jun-16,0.0
1329,1432,492090,game,A-Train PC Classic / ????A??????PC,13-Dec-16,0.0
1330,1433,55150,game,"Warhammer 40,000: Space Marine",7-Sep-11,0.0
1331,1434,578620,game,GORN,10-Jul-17,0.0
1332,1435,45740,game,Dead Rising 2,27-Sep-10,0.0
1333,1437,12810,game,Overlord II,24-Jun-09,0.0
1334,1438,2990,game,FlatOut 2,21-Dec-06,0.0
1335,1439,574810,game,Fight or Die,6-Jan-17,0.0
1336,1440,507360,game,The Wizard's Lair,3-Aug-16,0.0
1337,1441,470220,game,UNO,3-Jan-17,0.0
1338,1442,269770,game,Secrets of Grindea,13-Jul-15,0.0
1339,1445,388750,game,BlazBlue: Chronophantasma Extend,2-Mar-16,0.0
1341,1447,363930,game,Dead Age,4-Nov-16,0.0
1343,1449,350640,game,Sherlock Holmes: The Devil's Daughter,10-Jun-16,0.0
1344,1450,658980,game,Valnir Rok,26-Sep-17,0.0
1345,1451,608560,game,Last Tale,16-Mar-17,0.0
1346,1452,228260,game,Fallen Enchantress: Legendary Heroes,22-May-13,0.0
1349,1455,3620,game,Zuma's Revenge,15-Sep-09,0.0
1350,1456,637100,game,Sonic Forces,7-Nov-17,0.0
1351,1457,327400,game,Sid Meier's Colonization (Classic),9-Oct-14,0.0
1353,1459,244030,game,Take On Mars,9-Feb-17,0.0
1354,1460,245490,game,Trials Fusion,24-Apr-14,0.0
1355,1461,517790,game,Caesar 3,29-Aug-16,0.0
1357,1464,213330,game,LEGO Batman 2,22-Jun-12,0.0
1359,1466,547900,game,Front Office Football Eight,23-Nov-16,0.0
1360,1467,234080,game,Castlevania: Lords of Shadow - Ultimate Edition,27-Aug-13,0.0
1361,1468,50300,game,Spec Ops: The Line,28-Jun-12,0.0
1362,1469,559650,game,Witch It,31-May-17,0.0
1363,1470,333600,game,NEKOPARA Vol. 1,29-Dec-14,0.0
1364,1471,34830,game,Sniper: Ghost Warrior,24-Jun-10,0.0
1366,1473,22600,game,Worms Reloaded,26-Aug-10,0.0
1367,1474,438490,game,GOD EATER 2 Rage Burst,29-Aug-16,0.0
1368,1475,588210,game,HELLION,24-Feb-17,0.0
1369,1476,422900,game,Particle Fleet: Emergence,29-Sep-16,0.0
1370,1477,561590,game,Cricket Captain 2017,6-Jul-17,0.0
1371,1478,6030,game,STAR WARSÂ Jedi Knight II: Jedi OutcastÂ,16-Sep-09,0.0
1372,1479,418340,game,RWBY: Grimm Eclipse,5-Jul-16,0.0
1373,1480,239070,game,Hammerwatch,12-Aug-13,0.0
1374,1481,578260,game,Fluffy,11-Jan-17,0.0
1375,1482,218510,game,Planets Under Attack,27-Sep-12,0.0
1376,1483,12100,game,Grand Theft Auto III,6-Jan-11,0.0
1377,1484,288140,game,Jack Nicklaus Perfect Golf,3-May-16,0.0
1378,1485,300380,game,Road Redemption,4-Oct-17,0.0
1381,1488,12140,game,Max Payne,6-Jan-11,0.0
1384,1491,421040,game,Plantera,28-Jan-16,0.0
1385,1492,486310,game,Meadow,26-Oct-16,0.0
1386,1493,384490,game,Necropolis,Jul-16,0.0
1387,1494,242550,game,Rayman Legends,29-Aug-13,0.0
1389,1496,604160,game,Co-Co CORN MAFIA,11-Aug-17,0.0
1390,1497,351940,game,The Descendant,24-Mar-16,0.0
1391,1498,244770,game,StarMade,4-Dec-14,0.0
1392,1499,314150,game,Double Dragon Trilogy,15-Jan-15,0.0
1393,1500,525920,game,Pro Cycling Manager 2017,15-Jun-17,0.0
1394,1501,298050,game,Master of Orion,25-Aug-16,0.0
1395,1502,8190,game,Just Cause 2,23-Mar-10,0.0
1396,1503,24780,game,SimCity 4 Deluxe,20-Jul-10,0.0
1397,1504,329430,game,State of Decay: Year-One,27-Apr-15,0.0
1398,1505,565380,game,Cargo Cult: Shoot'n'Loot VR,8-Dec-16,0.0
1401,1508,418240,game,Shadow Tactics: Blades of the Shogun,6-Dec-16,0.0
1404,1511,238010,game,Deus Ex: Human Revolution - Director's Cut,25-Oct-13,0.0
1405,1512,207140,game,SpeedRunners,19-Apr-16,0.0
1406,1514,493900,game,Dungeons 3,13-Oct-17,0.0
1408,1516,257350,game,Baldur's Gate II: Enhanced Edition,15-Nov-13,0.0
1409,1517,202970,game,Call of Duty: Black Ops II,12-Nov-12,0.0
1410,1518,296870,game,Dreaming Sarah,12-Mar-15,0.0
1413,1521,572410,game,Steel Division: Normandy 44,23-May-17,0.0
1414,1522,463110,game,Farnham Fables,20-Jun-16,0.0
1416,1524,362960,game,Tyranny,10-Nov-16,0.0
1417,1525,418370,game,RESIDENT EVIL 7 biohazard / BIOHAZARD 7 resident evil,23-Jan-17,0.0
1419,1527,414340,game,Hellblade: Senua's Sacrifice,7-Aug-17,0.0
1420,1528,268050,game,The Evil Within,13-Oct-14,0.0
1422,1530,350080,game,Wolfenstein: The Old Blood,4-May-15,0.0
1424,1532,313120,game,Stranded Deep,23-Jan-15,0.0
1425,1533,595280,game,Throne of Lies,29-Sep-17,0.0
1427,1535,201310,dlc,X3: Albion Prelude,15-Dec-11,0.0
1428,1536,552700,game,WORLD OF FINAL FANTASY,21-Nov-17,0.0
1430,1538,463710,game,Puzzle Galaxies,29-Apr-16,0.0
1431,1539,289950,game,Construction-Simulator 2015,18-Nov-14,0.0
1432,1540,239350,game,Spelunky,8-Aug-13,0.0
1433,1541,41700,game,S.T.A.L.K.E.R.: Call of Pripyat,11-Feb-10,0.0
1434,1543,514660,game,BitMaster,12-Oct-16,0.0
1435,1544,274920,game,FaceRig,7-Jul-15,0.0
1436,1546,614570,game,DishonoredÂ®: Death of the OutsiderÂ,14-Sep-17,0.0
1437,1547,239820,game,Game Dev Tycoon,29-Aug-13,0.0
1438,1548,320300,game,Car Mechanic Simulator 2015,23-Apr-15,0.0
1439,1549,39540,game,SpellForce: Platinum Edition,3-Nov-09,0.0
1440,1550,509930,game,NightmareZ,8-Sep-16,0.0
1443,1553,307690,game,Sleeping Dogs: Definitive Edition,8-Oct-14,0.0
1444,1554,207610,game,The Walking Dead,24-Apr-12,0.0
1446,1556,274940,game,Depth,3-Nov-14,0.0
1447,1557,249050,game,Dungeon of the Endless,27-Oct-14,0.0
1448,1558,403190,game,Planetbase,15-Oct-15,0.0
1449,1559,409710,game,BioShock Remastered,15-Sep-16,0.0
1450,1560,410320,game,EARTH DEFENSE FORCE 4.1 The Shadow of New Despair,18-Jul-16,0.0
1451,1561,552100,game,Brick Rigs,7-Nov-16,0.0
1452,1562,242860,game,Verdun,28-Apr-15,0.0
1453,1563,24980,game,Mass Effect 2,28-Jan-10,0.0
1455,1565,448780,game,Sixtieth Kilometer,25-Aug-16,0.0
1458,1568,610180,game,The Jackbox Party Pack 4,18-Oct-17,0.0
1459,1569,102500,game,Kingdoms of Amalur: ReckoningÂ,8-Feb-12,0.0
1460,1570,664430,game,WWE 2K18,17-Oct-17,0.0
1461,1571,480650,game,Yu-Gi-Oh! Legacy of the Duelist,7-Dec-16,0.0
1463,1573,268650,game,From The Depths,7-Aug-14,0.0
1464,1574,209170,game,Call of Duty: Ghosts - Multiplayer,25-Mar-14,0.0
1465,1575,387290,game,Ori and the Blind Forest: Definitive Edition,27-Apr-16,0.0
1466,1576,285900,game,Gang Beasts,12-Dec-17,0.0
1467,1577,238320,game,Outlast,4-Sep-13,0.0
1469,1579,270150,game,RUNNING WITH RIFLES,2-Apr-15,0.0
1470,1580,40100,game,Supreme Commander 2,1-Mar-10,0.0
1471,1581,405310,game,LEGOÂ® MARVEL's Avengers,26-Jan-16,0.0
1472,1582,352400,game,LEGOÂ® Jurassic World,11-Jun-15,0.0
1473,1583,528300,game,Soulless: Ray Of Hope,18-Oct-16,0.0
1474,1584,454690,game,Cyber City 2157: The Visual Novel,4-May-16,0.0
1476,1586,486150,game,Radical Spectrum: Volume 1,8-Jul-16,0.0
1477,1587,57690,game,Tropico 4,1-Sep-11,0.0
1478,1588,386070,game,Planetary Annihilation: TITANS,18-Aug-15,0.0
1479,1589,378540,game,The Surge,15-May-17,0.0
1480,1590,21690,game,Resident Evil 5 / Biohazard 5,15-Sep-09,0.0
1481,1591,56400,game,"Warhammer 40,000: Dawn of War II - Retribution",28-Feb-11,0.0
1482,1592,375910,game,Anno 2205,2-Nov-15,0.0
1483,1593,394510,game,HELLDIVERSÂ,7-Dec-15,0.0
1484,1594,668630,game,Tricolour Lovestory,20-Sep-17,0.0
1486,1597,17460,game,Mass Effect,19-Dec-08,0.0
1487,1598,241560,game,The Crew,1-Dec-14,0.0
1488,1599,253940,game,Septerra Core,27-Sep-13,0.0
1489,1600,4500,game,S.T.A.L.K.E.R.: Shadow of Chernobyl,20-Mar-07,0.0
1490,1601,44350,game,GRID 2,27-May-13,0.0
1491,1602,397060,game,Faeria,8-Mar-17,0.0
1492,1603,48240,game,Anno 2070,17-Nov-11,0.0
1493,1604,406090,game,Lost Moon,28-Sep-15,0.0
1494,1605,438640,game,LEGOÂ® STAR WARSÂ: The Force Awakens,27-Jun-16,0.0
1495,1606,547040,game,Above - VR,1-Nov-16,0.0
1497,1608,341380,game,Countless Rooms of Death,9-Jan-15,0.0
1499,1610,214490,game,Alien: Isolation,6-Oct-14,0.0
1501,1613,391660,game,Incitement 3,19-Aug-15,0.0
1502,1614,248820,game,Risk of Rain,8-Nov-13,0.0
1503,1615,242680,game,Nuclear Throne,5-Dec-15,0.0
1505,1617,635260,game,CarX Drift Racing Online,17-Nov-17,0.0
1507,1619,2820,game,X3: Terran Conflict,16-Oct-08,0.0
1508,1621,384480,game,Six Sides of the World,20-Jan-16,0.0
1510,1623,4920,game,Natural Selection 2,30-Oct-12,0.0
1513,1626,278080,game,DYNASTY WARRIORS 8: Xtreme Legends Complete Edition,13-May-14,0.0
1514,1627,6020,game,STAR WARSÂ Jedi Knight: Jedi AcademyÂ,16-Sep-09,0.0
1515,1628,585560,game,Finnish Roller,31-Jan-17,0.0
1516,1629,232910,game,TrackManiaÂ² Stadium,20-Jun-13,0.0
1517,1630,48190,game,Assassin's Creed Brotherhood,17-Mar-11,0.0
1518,1631,346940,game,Shadowrun: Hong Kong - Extended Edition,20-Aug-15,0.0
1519,1632,39150,game,FINAL FANTASY VIII,5-Dec-13,0.0
1520,1633,276810,game,Mordheim: City of the Damned,19-Nov-15,0.0
1521,1634,339800,game,HuniePop,19-Jan-15,0.0
1522,1635,35140,game,Batman: Arkham Asylum GOTY Edition,26-Mar-10,0.0
1523,1637,35720,game,Trine 2,6-Jun-13,0.0
1524,1638,220700,game,RPG Maker VX Ace,10-Dec-12,0.0
1525,1639,223100,game,Homefront: The Revolution,19-May-16,0.0
1526,1640,575570,game,ICED,15-May-17,0.0
1529,1643,230290,game,Universe Sandbox Â²,24-Aug-15,0.0
1530,1644,311560,game,Assassin's Creed Rogue,9-Mar-15,0.0
1531,1645,403560,game,Eaten Alive,30-Sep-15,0.0
1532,1646,63380,game,Sniper Elite V2,3-May-12,0.0
1533,1647,616360,game,Crimson Earth,10-Jun-17,0.0
1535,1649,17480,game,Command and Conquer: Red Alert 3,8-Jan-09,0.0
1537,1651,456670,game,Hand of Fate 2,7-Nov-17,0.0
1539,1653,48220,game,Might & Magic: Heroes VI,13-Oct-11,0.0
1541,1655,448510,game,Overcooked,3-Aug-16,0.0
1542,1656,644560,game,Mirror,19-Apr-18,0.0
1543,1657,505460,game,Foxhole,27-Jul-17,0.0
1546,1660,3830,game,Psychonauts,11-Oct-06,0.0
1547,1661,383980,game,Rivals of Aether,28-Mar-17,0.0
1548,1662,397460,game,The Jackbox Party Pack 2,13-Oct-15,0.0
1550,1664,265930,game,Goat Simulator,1-Apr-14,0.0
1551,1665,496690,game,Adventures On The Polluted Islands,17-Feb-17,0.0
1552,1666,466580,game,GOD's DEATH,11-May-16,0.0
1554,1668,285310,game,RollerCoaster Tycoon: Deluxe,21-May-14,0.0
1555,1669,525480,game,.hack//G.U. Last Recode,3-Nov-17,0.0
1556,1670,233860,game,Kenshi,6-Dec-18,0.0
1557,1671,431730,game,Aseprite,22-Feb-16,0.0
1558,1672,371460,game,Gnumz: Masters of Defense,21-Dec-15,0.0
1559,1673,462030,game,BitRay,20-Apr-16,0.0
1560,1674,47870,game,Need for Speed: Hot Pursuit,14-Dec-10,0.0
1561,1675,342970,game,Pixel Survivors,5-May-16,0.0
1562,1676,300550,game,Shadowrun: Dragonfall - Director's Cut,18-Sep-14,0.0
1563,1679,402710,game,Osiris: New Dawn,28-Sep-16,0.0
1564,1680,39500,game,Gothic 3,2-Dec-09,0.0
1565,1681,428690,game,Youtubers Life,2-Feb-17,0.0
1566,1682,320,game,Half-Life 2: Deathmatch,1-Nov-04,0.0
1567,1683,568220,game,Lobotomy Corporation,9-Apr-18,0.0
1568,1684,413420,game,Danganronpa 2: Goodbye Despair,18-Apr-16,0.0
1569,1685,25890,game,Hearts of Iron III,7-Aug-09,0.0
1570,1686,321960,game,Might & Magic Heroes VII,29-Sep-15,0.0
1572,1688,575860,game,Tomb Joe,23-Apr-17,0.0
1573,1689,513590,game,So Many Cubes,6-Oct-16,0.0
1574,1690,301120,game,Eastside Hockey Manager,1-Dec-15,0.0
1576,1693,527770,game,Russian SuperHero Dead Ivan,19-Oct-16,0.0
1577,1694,357310,game,Oriental Empires,14-Sep-17,0.0
1578,1695,386940,game,Ultimate Chicken Horse,4-Mar-16,0.0
1579,1696,362890,game,Black Mesa,5-May-15,0.0
1581,1698,4580,game,"Warhammer 40,000: Dawn of War - Dark Crusade",7-Nov-08,0.0
1582,1700,360170,game,How to Survive 2,8-Sep-16,0.0
1583,1701,538680,game,The Legend of Heroes: Trails of Cold Steel,2-Aug-17,0.0
1584,1702,65800,game,Dungeon Defenders,18-Oct-11,0.0
1585,1703,631530,game,Fight or Die 2,8-Jun-17,0.0
1587,1705,254700,game,resident evil 4 / biohazard 4,27-Feb-14,0.0
1588,1706,420,game,Half-Life 2: Episode Two,10-Oct-07,0.0
1589,1707,257510,game,The Talos Principle,11-Dec-14,0.0
1590,1708,20510,game,S.T.A.L.K.E.R.: Clear Sky,15-Sep-08,0.0
1591,1709,24720,game,Spore: Galactic Adventures,26-Jun-09,0.0
1592,1710,321360,game,Primal Carnage: Extinction,3-Apr-15,0.0
1593,1711,290340,game,Armello,1-Sep-15,0.0
1594,1713,555920,game,Dark Egypt,7-Feb-17,0.0
1595,1714,282800,game,100% Orange Juice,16-May-14,0.0
1596,1717,493490,game,City Car Driving,3-Nov-16,0.0
1598,1719,622650,game,Bendy and the Ink Machine,27-Apr-17,0.0
1599,1720,78000,game,Bejeweled 3,7-Dec-10,0.0
1600,1721,460790,game,Bayonetta,11-Apr-17,0.0
1601,1722,219780,game,Divinity II: Developer's Cut,29-Oct-12,0.0
1602,1723,40950,game,Stronghold HD,21-Oct-13,0.0
1604,1725,355790,game,Styx: Shards of Darkness,14-Mar-17,0.0
1605,1726,486480,game,Tales of Destruction,14-Jul-16,0.0
1607,1728,223470,game,POSTAL 2,2-Nov-12,0.0
1608,1729,12110,game,Grand Theft Auto: Vice City,6-Jan-11,0.0
1609,1730,323470,game,DRAGON BALL XENOVERSE,26-Feb-15,0.0
1610,1731,17450,game,Dragon Age: Origins,5-Nov-09,0.0
1611,1732,512020,game,Box Maze,3-Mar-17,0.0
1613,1734,239030,game,"Papers, Please",8-Aug-13,0.0
1614,1735,397340,game,SimplePlanes,17-Dec-15,0.0
1615,1736,247080,game,Crypt of the NecroDancer,23-Apr-15,0.0
1617,1738,524660,game,RutonyChat,19-Sep-16,0.0
1618,1739,388410,game,Darksiders II Deathinitive Edition,5-Nov-15,0.0
1619,1740,239160,game,Thief,27-Feb-14,0.0
1621,1742,373930,game,Sudden Strike 4,11-Aug-17,0.0
1622,1744,244160,game,Homeworld Remastered Collection,25-Feb-15,0.0
1623,1745,353640,game,Train Valley,16-Sep-15,0.0
1624,1746,292120,game,FINAL FANTASY XIII,9-Oct-14,0.0
1625,1747,351970,game,Tales of Zestiria,19-Oct-15,0.0
1626,1748,243470,game,Watch_Dogs,26-May-14,0.0
1628,1750,15620,game,"Warhammer 40,000: Dawn of War II",18-Feb-09,0.0
1629,1751,204100,game,Max Payne 3,31-May-12,0.0
1630,1752,331670,game,The Jackbox Party Pack,26-Nov-14,0.0
1631,1753,542550,game,Plankton,27-Oct-16,0.0
1633,1756,578330,game,LEGOÂ® City Undercover,4-Apr-17,0.0
1634,1757,38400,game,Fallout,1-Nov-15,0.0
1635,1758,445190,game,Expeditions: Viking,27-Apr-17,0.0
1636,1759,485390,game,Machine Made: Rebirth,10-Oct-17,0.0
1637,1760,633460,game,Tannenberg,16-Nov-17,0.0
1639,1762,34870,game,Sniper Ghost Warrior 2,11-Mar-13,0.0
1640,1763,208140,game,Endless Space,4-Jul-12,0.0
1641,1764,307960,game,IL-2 Sturmovik: Battle of Stalingrad,22-Oct-14,0.0
1642,1765,324080,game,Rising World,3-Dec-14,0.0
1643,1766,201790,game,Orcs Must Die! 2,30-Jul-12,0.0
1644,1767,39680,game,The Guild II: Renaissance,28-Jul-10,0.0
1645,1768,378720,game,Thea: The Awakening,20-Nov-15,0.0
1646,1770,298630,game,The Escapists,13-Feb-15,0.0
1647,1771,24790,game,Command and Conquer 3: Tiberium Wars,13-Nov-09,0.0
1648,1772,313690,game,LEGOÂ® BatmanÂ 3: Beyond Gotham,11-Nov-14,0.0
1649,1773,427100,game,Fernbus Simulator,25-Aug-16,0.0
1650,1774,235600,game,Tom Clancy's Splinter Cell Blacklist,22-Aug-13,0.0
1651,1775,462780,game,Darksiders Warmastered Edition,29-Nov-16,0.0
1652,1776,600600,game,MakeThatMoney,22-Mar-17,0.0
1653,1777,377840,game,FINAL FANTASY IX,14-Apr-16,0.0
1654,1778,450540,game,"Hot Dogs, Horseshoes & Hand Grenades",5-Apr-16,0.0
1655,1779,493840,game,Marvel vs. Capcom: Infinite,19-Sep-17,0.0
1656,1780,717640,game,Reigns: Her Majesty,6-Dec-17,0.0
1658,1782,108200,game,Ticket to Ride,24-May-12,0.0
1659,1783,45760,game,Ultra Street Fighter IV,7-Aug-14,0.0
1660,1784,9200,game,RAGE,3-Oct-11,0.0
1661,1787,541210,game,Cold Waters,5-Jun-17,0.0
1662,1788,587260,game,Tokyo Xanadu eX+,8-Dec-17,0.0
1663,1789,584400,game,Sonic Mania,29-Aug-17,0.0
1664,1790,397580,game,Moonbase 332,18-Sep-15,0.0
1665,1791,599100,game,Green Cat,26-May-17,0.0
1666,1792,428950,game,"Kivi, Toilet and Shotgun",15-Jan-16,0.0
1668,1794,634160,game,Cattails,1-Dec-17,0.0
1669,1795,496300,game,Kingdom: New Lands,9-Aug-16,0.0
1670,1796,392780,game,Mondrian - Abstraction in Beauty,21-Sep-15,0.0
1671,1797,288470,game,Fable Anniversary,12-Sep-14,0.0
1672,1798,16810,game,Sid Meier's Civilization IV: Colonization,23-Sep-08,0.0
1673,1799,537800,game,Bomber Crew,19-Oct-17,0.0
1674,1800,395380,game,ANKI,24-Aug-15,0.0
1675,1801,268130,game,Heat Signature,21-Sep-17,0.0
1676,1802,234650,game,Shadowrun Returns,25-Jul-13,0.0
1677,1803,228180,game,Action! - Gameplay Recording and Streaming,8-May-14,0.0
1678,1804,262280,game,Dungeons 2,24-Apr-15,0.0
1679,1805,402170,game,Puzzle Ball,1-Oct-15,0.0
1681,1807,576050,game,Other worlds India,20-Jan-17,0.0
1684,1810,242640,game,Styx: Master of Shadows,7-Oct-14,0.0
1685,1811,629030,game,Employee Recycling Center,15-May-17,0.0
1686,1812,532030,game,Dream Dealer,1-Oct-16,0.0
1687,1813,388440,game,Big Journey to Home,20-Aug-15,0.0
1688,1814,527800,game,WAR CUBE,12-Sep-16,0.0
1689,1815,567640,game,Danganronpa V3: Killing Harmony,25-Sep-17,0.0
1690,1816,467390,game,Approaching Blocks,3-Jun-16,0.0
1691,1817,253250,game,Stonehearth,25-Jul-18,0.0
1692,1818,500940,game,Get The Gems,11-Nov-16,0.0
1693,1819,386700,game,The Oil Blue,6-Aug-15,0.0
1694,1820,342180,game,Arizona Sunshine,6-Dec-16,0.0
1695,1821,515690,game,Warriors of Vilvatikta,26-Aug-16,0.0
1696,1822,41070,game,Serious Sam 3: BFE,22-Nov-11,0.0
1697,1823,606050,game,Gump Runner,9-Mar-17,0.0
1700,1828,255220,game,GRID Autosport,26-Jun-14,0.0
1701,1829,620940,game,Invisibox,18-Oct-17,0.0
1702,1830,539450,game,Crab Dub,19-Jan-17,0.0
1703,1831,214730,game,Space Rangers HD: A War Apart,17-Oct-13,0.0
1704,1832,673610,game,Airport CEO,28-Sep-17,0.0
1707,1835,451020,game,Battle Chasers: Nightwar,3-Oct-17,0.0
1708,1836,447990,game,Spectrubes,25-Mar-16,0.0
1709,1837,503820,game,A Detective's Novel,28-Jul-16,0.0
1710,1838,413410,game,Danganronpa: Trigger Happy Havoc,18-Feb-16,0.0
1711,1839,280220,game,Creeper World 3: Arc Eternal,27-Mar-14,0.0
1712,1840,2630,game,Call of Duty 2,13-Oct-06,0.0
1713,1841,209160,game,Call of Duty: Ghosts,25-Mar-14,0.0
1714,1842,487120,game,Citadel: Forged With Fire,26-Jul-17,0.0
1715,1843,233130,game,Shadow Warrior,26-Sep-13,0.0
1716,1844,582430,game,Jumping Tank,20-Jan-17,0.0
1717,1845,420290,game,Blackwake,24-Feb-17,0.0
1718,1846,42910,game,Magicka,25-Jan-11,0.0
1720,1848,361800,game,Tree of Life,17-Aug-17,0.0
1721,1849,302670,game,Call to Arms,27-Apr-18,0.0
1722,1850,7940,game,Call of Duty 4: Modern Warfare,21-Nov-07,0.0
1724,1852,380,game,Half-Life 2: Episode One,1-Jun-06,0.0
1725,1853,415960,game,Energy Cycle,13-Jan-16,0.0
1726,1854,360450,game,Kiai Resonance,23-Apr-15,0.0
1727,1855,520440,game,GUILTY GEAR Xrd -REVELATOR-,14-Dec-16,0.0
1728,1856,32440,game,LEGOÂ® Star WarsÂ: The Complete Saga,12-Nov-09,0.0
1729,1857,461890,game,NORTH,27-Apr-16,0.0
1731,1859,586140,game,BlazBlue Centralfiction,25-Apr-17,0.0
1732,1861,253230,game,A Hat in Time,5-Oct-17,0.0
1733,1862,396750,game,EVERSPACEÂ,25-May-17,0.0
1735,1864,383580,game,Flesh Eaters,3-May-16,0.0
1736,1866,208500,game,F1 2012,19-Sep-12,0.0
1737,1867,601340,game,Project of the Developer,28-Apr-17,0.0
1739,1869,324800,game,Shadow Warrior 2,13-Oct-16,0.0
1740,1870,245170,game,Skullgirls,22-Aug-13,0.0
1741,1871,606330,game,Shadows 2: Perfidia,24-Mar-17,0.0
1742,1872,247000,game,Talisman: Digital Edition,25-Feb-14,0.0
1744,1874,241600,game,Rogue Legacy,27-Jun-13,0.0
1746,1876,412600,game,Lup,1-Apr-16,0.0
1747,1877,287290,game,Resident Evil Revelations 2 / Biohazard Revelations 2,24-Feb-15,0.0
1748,1878,331600,game,ONE PIECE PIRATE WARRIORS 3,27-Aug-15,0.0
1749,1879,619400,game,Fluffy Creatures VS The World,9-Apr-17,0.0
1750,1880,38410,game,Fallout 2,19-Aug-09,0.0
1752,1882,591560,game,Red Death,23-Mar-17,0.0
1753,1883,481510,game,Night in the Woods,21-Feb-17,0.0
1754,1884,519190,game,Next Day: Survival,21-May-18,0.0
1755,1885,210970,game,The Witness,26-Jan-16,0.0
1756,1886,261110,game,Killer is Dead,23-May-14,0.0
1757,1887,201870,game,Assassin's Creed Revelations,30-Nov-11,0.0
1758,1888,253880,game,Earth 2150 Trilogy,1-Nov-13,0.0
1759,1889,39510,game,Gothic II: Gold Edition,13-Jan-10,0.0
1760,1890,491530,game,Notruf 112,9-Nov-16,0.0
1761,1891,296490,game,GemCraft - Chasing Shadows,30-Apr-15,0.0
1762,1892,366090,game,Colony Survival,16-Jun-17,0.0
1763,1893,644930,game,They Are Billions,12-Dec-17,0.0
1764,1894,448630,game,Rabiez: Epidemic,4-Mar-16,0.0
1766,1896,219150,game,Hotline Miami,23-Oct-12,0.0
1768,1898,222940,game,THE KING OF FIGHTERS XIII STEAM EDITION,13-Sep-13,0.0
1770,1900,246900,game,Viscera Cleanup Detail,23-Oct-15,0.0
1771,1901,332570,game,Amazing Frog?,21-Nov-14,0.0
1773,1904,705120,game,DeathComing,6-Nov-17,0.0
1774,1905,369990,game,"Gremlins, Inc.",10-Mar-16,0.0
1775,1906,249230,game,Risen 3 - Titan Lords,13-Aug-14,0.0
1776,1907,230190,game,War for the Overworld,2-Apr-15,0.0
1778,1909,376730,game,Monument,5-Jun-15,0.0
1779,1910,535260,game,Save Home,30-Sep-16,0.0
1780,1911,24810,game,Command and Conquer 3: Kane's Wrath,13-Nov-09,0.0
1781,1912,341800,game,Keep Talking and Nobody Explodes,8-Oct-15,0.0
1782,1913,655780,game,Project 5: Sightseer,4-Dec-17,0.0
1784,1915,530070,game,Train Sim World: CSX Heavy Haul,16-Mar-17,0.0
1785,1916,322500,game,SUPERHOT,25-Feb-16,0.0
1786,1917,12220,game,Grand Theft Auto: Episodes from Liberty City,12-Apr-10,0.0
1789,1921,528070,game,Solitaire Beach Season,10-Oct-16,0.0
1791,1923,271240,game,Offworld Trading Company,28-Apr-16,0.0
1792,1924,515470,game,Hyper color ball,2-Sep-16,0.0
1793,1926,324310,game,Bus Simulator 16,2-Mar-16,0.0
1794,1928,290300,game,Rebel Galaxy,20-Oct-15,0.0
1795,1929,301640,game,Zombie Army Trilogy,6-Mar-15,0.0
1796,1930,644570,game,Material Girl,20-Jun-17,0.0
1797,1931,400250,game,Heaven Island - VR MMO,23-Dec-15,0.0
1798,1932,409720,game,BioShock 2 Remastered,15-Sep-16,0.0
1799,1933,9480,game,Saints Row 2,7-Jan-09,0.0
1800,1934,425340,game,Space Moth DX,22-Jan-16,0.0
1801,1935,24740,game,Burnout Paradise: The Ultimate Box,12-Mar-09,0.0
1802,1936,463210,game,State of Anarchy,27-Apr-16,0.0
1803,1937,24800,game,Command and Conquer: Red Alert 3 - Uprising,6-Oct-09,0.0
1805,1939,209660,game,Call of Duty: Advanced Warfare - Multiplayer,3-Nov-14,0.0
1806,1940,283640,game,Salt and Sanctuary,17-May-16,0.0
1807,1941,428900,game,"Linea, the Game",4-Jan-16,0.0
1808,1942,523150,game,Mahjong World Contest,7-Oct-16,0.0
1809,1943,383150,game,Dead Island Definitive Edition,31-May-16,0.0
1811,1945,427490,game,Shadowhand,7-Dec-17,0.0
1812,1946,220440,game,DmC Devil May Cry,24-Jan-13,0.0
1813,1947,15370,game,Heroes of Might & Magic V: Tribes of the East,10-Oct-08,0.0
1815,1950,30,game,Day of Defeat,1-May-03,0.0
1816,1951,22300,game,Fallout 3,28-Oct-08,0.0
1817,1952,431600,game,Automobilista,24-Aug-16,0.0
1818,1953,223330,game,Sea Dogs: To Each His Own,Dec-12,0.0
1819,1954,272270,game,Torment: Tides of Numenera,27-Feb-17,0.0
1820,1955,327030,game,Worms W.M.D,23-Aug-16,0.0
1821,1956,438010,game,PulseCharge,27-Jan-16,0.0
1822,1957,294860,game,Valkyria ChroniclesÂ,11-Nov-14,0.0
1823,1958,444480,game,Broken Dreams,19-Feb-16,0.0
1824,1959,263560,game,Paper Sorcerer,22-Jan-14,0.0
1825,1961,296300,game,Ballistic Overkill,28-Mar-17,0.0
1827,1963,304650,game,Sunless Sea,6-Feb-15,0.0
1830,1966,496240,game,Onward,29-Aug-16,0.0
1831,1968,412170,game,City of Chains,8-Dec-15,0.0
1833,1970,330070,game,VEGAS Movie Studio 13 Platinum - Steam Powered,5-Feb-15,0.0
1834,1971,544610,game,Battlestar Galactica Deadlock,31-Aug-17,0.0
1835,1972,512900,game,Streets of Rogue,10-Mar-17,0.0
1836,1973,362620,game,Software Inc.,1-May-15,0.0
1837,1974,15170,game,Heroes of Might & Magic V,13-May-08,0.0
1838,1975,408760,game,Pro Cycling Manager 2016,16-Jun-16,0.0
1839,1976,518030,game,Aim Hero,5-Sep-16,0.0
1840,1978,477770,game,Ride 2,7-Oct-16,0.0
1841,1979,658160,game,ClickRaid,20-Oct-17,0.0
1842,1980,321800,game,Icewind Dale: Enhanced Edition,30-Oct-14,0.0
1843,1981,22100,game,Mount & Blade,3-Nov-08,0.0
1844,1982,21130,game,Lego Harry Potter,25-Jun-10,0.0
1845,1983,203350,game,King's Bounty: Warriors of the North,25-Oct-12,0.0
1846,1984,628860,game,Escape Together,23-Jun-17,0.0
1847,1985,252690,game,Fantasy Grounds,9-May-14,0.0
1848,1986,367450,game,Poly Bridge,12-Jul-16,0.0
1849,1987,73170,game,Darkest Hour: A Hearts of Iron Game,8-Apr-11,0.0
1850,1988,311860,game,Data Hacker: Initiation,21-Jul-14,0.0
1852,1990,568570,game,Force of Nature,13-Dec-16,0.0
1853,1991,562760,game,KORABLIK,14-Feb-17,0.0
1854,1992,394690,game,Tower Unite,8-Apr-16,0.0
1855,1993,64000,game,Men of War: Assault Squad,24-Feb-11,0.0
1856,1994,227860,game,Castle Story,17-Aug-17,0.0
1858,1997,429050,game,Feed and Grow: Fish,8-Jan-16,0.0
1859,1998,209650,game,Call of Duty: Advanced Warfare,3-Nov-14,0.0
1860,1999,304730,game,Train Fever,4-Sep-14,0.0
